Antecedents,Consequents,Support,Confidence,Lift
72 SWEETHEART FAIRY CAKE CASES,60 TEATIME FAIRY CAKE CASES,0.025657427149964464,0.5254730713245997,6.525512898091014
PACK OF 60 DINOSAUR CAKE CASES,60 TEATIME FAIRY CAKE CASES,0.025373134328358207,0.5852459016393442,7.267793323976675
PACK OF 60 PINK PAISLEY CAKE CASES,60 TEATIME FAIRY CAKE CASES,0.03326226012793177,0.5064935064935066,6.289817860868171
SET OF 36 TEATIME PAPER DOILIES,60 TEATIME FAIRY CAKE CASES,0.015636105188343994,0.5472636815920398,6.796116504854369
BATHROOM METAL SIGN,TOILET METAL SIGN,0.02444918265813788,0.5180722891566265,16.873326639892905
TOILET METAL SIGN,BATHROOM METAL SIGN,0.02444918265813788,0.7962962962962963,16.873326639892905
PINK 3 PIECE MINI DOTS CUTLERY SET,BLUE 3 PIECE MINI DOTS CUTLERY SET,0.02032693674484719,0.6941747572815533,21.99783521385463
BLUE 3 PIECE MINI DOTS CUTLERY SET,PINK 3 PIECE MINI DOTS CUTLERY SET,0.02032693674484719,0.6441441441441441,21.99783521385463
RED 3 PIECE MINI DOTS CUTLERY SET,BLUE 3 PIECE MINI DOTS CUTLERY SET,0.020966595593461264,0.6455142231947483,20.455822343130876
BLUE 3 PIECE MINI DOTS CUTLERY SET,RED 3 PIECE MINI DOTS CUTLERY SET,0.020966595593461264,0.6644144144144144,20.455822343130876
DOLLY GIRL LUNCH BOX,SPACEBOY LUNCH BOX,0.018265813788201846,0.644110275689223,21.62919231252355
SPACEBOY LUNCH BOX,DOLLY GIRL LUNCH BOX,0.018265813788201846,0.6133651551312649,21.62919231252355
EDWARDIAN PARASOL NATURAL,EDWARDIAN PARASOL BLACK,0.018763326226012792,0.5628997867803838,15.903614457831324
EDWARDIAN PARASOL BLACK,EDWARDIAN PARASOL NATURAL,0.018763326226012792,0.5301204819277108,15.903614457831324
FELTCRAFT DOLL MOLLY,FELTCRAFT DOLL ROSIE,0.015849324804548686,0.5360576923076923,17.25934034500968
FELTCRAFT DOLL ROSIE,FELTCRAFT DOLL MOLLY,0.015849324804548686,0.5102974828375286,17.259340345009683
HAND WARMER OWL DESIGN,HAND WARMER BIRD DESIGN,0.020753375977256575,0.5367647058823529,14.607890544999432
HAND WARMER BIRD DESIGN,HAND WARMER OWL DESIGN,0.020753375977256575,0.5647969052224372,14.607890544999432
HAND WARMER SCOTTY DOG DESIGN,HAND WARMER OWL DESIGN,0.02125088841506752,0.5630885122410547,14.563704719175808
HAND WARMER OWL DESIGN,HAND WARMER SCOTTY DOG DESIGN,0.02125088841506752,0.5496323529411765,14.563704719175808
HAND WARMER UNION JACK,HAND WARMER OWL DESIGN,0.014854299928926794,0.5211970074812967,13.480224072172508
SINGLE HEART ZINC T-LIGHT HOLDER,HANGING HEART ZINC T-LIGHT HOLDER,0.020895522388059702,0.6024590163934427,11.643679066834807
HEART OF WICKER SMALL,HEART OF WICKER LARGE,0.03489694385216773,0.572928821470245,8.159016718710879
WICKER STAR,HEART OF WICKER LARGE,0.016773276474769012,0.5327313769751693,7.5865693057091415
LOVE BUILDING BLOCK WORD,HOME BUILDING BLOCK WORD,0.03710021321961621,0.5559105431309904,6.77200116177752
JUMBO STORAGE BAG SKULLS,JUMBO STORAGE BAG SUKI,0.019402985074626865,0.5,7.328125
LUNCH BAG PINK RETROSPOT,LUNCH BAG RED SPOTTY,0.028002842928216063,0.5426997245179064,7.230857124968696
SET OF 72 RETRO SPOT PAPER  DOILIES,PACK OF 72 RETRO SPOT CAKE CASES,0.016702203269367447,0.5233853006681514,6.375784571775662
PINK 3 PIECE MINI DOTS CUTLERY SET,RED 3 PIECE MINI DOTS CUTLERY SET,0.01691542288557214,0.5776699029126213,17.785154341314183
RED 3 PIECE MINI DOTS CUTLERY SET,PINK 3 PIECE MINI DOTS CUTLERY SET,0.01691542288557214,0.5207877461706784,17.785154341314186
PINK BLUE FELT CRAFT TRINKET BOX,PINK CREAM FELT CRAFT TRINKET BOX,0.024662402274342573,0.6174377224199288,12.357537346299287
PLASTERS IN TIN STRONGMAN,PLASTERS IN TIN CIRCUS PARADE,0.016631130063965886,0.5545023696682465,13.003080568720382
PLASTERS IN TIN WOODLAND ANIMALS,PLASTERS IN TIN SPACEBOY,0.01954513148542999,0.5169172932330827,11.962214335180056
TOY TIDY PINK RETROSPOT,RECYCLING BAG RETROSPOT,0.01570717839374556,0.5456790123456791,12.607066836951894
RED HANGING HEART T-LIGHT HOLDER,WHITE HANGING HEART T-LIGHT HOLDER,0.05131485429992893,0.738241308793456,3.5768096469435005
SWEETHEART CERAMIC TRINKET BOX,STRAWBERRY CERAMIC TRINKET BOX,0.044207533759772565,0.7726708074534161,8.388486312399356
VINTAGE HEADS AND TAILS CARD GAME,VINTAGE SNAP CARDS,0.023738450604122247,0.5748709122203098,10.670756906252981
WOOD S/3 CABINET ANT WHITE FINISH,WOOD 2 DRAWER CABINET WHITE FINISH,0.025088841506751954,0.5439137134052388,13.240252504518528
WOOD 2 DRAWER CABINET WHITE FINISH,WOOD S/3 CABINET ANT WHITE FINISH,0.025088841506751954,0.610726643598616,13.24025250451853
WOOD 2 DRAWER CABINET WHITE FINISH,WOODEN FRAME ANTIQUE WHITE,0.02110874200426439,0.513840830449827,7.288044843174462
WOODEN FRAME ANTIQUE WHITE,WOODEN PICTURE FRAME WHITE FINISH,0.03937455579246624,0.5584677419354839,9.736853939321263
WOODEN PICTURE FRAME WHITE FINISH,WOODEN FRAME ANTIQUE WHITE,0.03937455579246624,0.6864931846344485,9.736853939321263
3 STRIPEY MICE FELTCRAFT|FELTCRAFT 6 FLOWER FRIENDS,FELTCRAFT BUTTERFLY HEARTS,0.00867093105899076,0.5700934579439252,13.085179369120763
3 STRIPEY MICE FELTCRAFT|FELTCRAFT BUTTERFLY HEARTS,FELTCRAFT 6 FLOWER FRIENDS,0.00867093105899076,0.5865384615384615,11.077310273618997
72 SWEETHEART FAIRY CAKE CASES|PACK OF 60 DINOSAUR CAKE CASES,60 TEATIME FAIRY CAKE CASES,0.012295664534470504,0.7119341563786007,8.841053468885182
60 TEATIME FAIRY CAKE CASES|PACK OF 60 MUSHROOM CAKE CASES,72 SWEETHEART FAIRY CAKE CASES,0.007746979388770434,0.5343137254901961,10.94293175785598
72 SWEETHEART FAIRY CAKE CASES|PACK OF 60 MUSHROOM CAKE CASES,60 TEATIME FAIRY CAKE CASES,0.007746979388770434,0.6987179487179487,8.676929866250253
60 TEATIME FAIRY CAKE CASES|72 SWEETHEART FAIRY CAKE CASES,PACK OF 60 PINK PAISLEY CAKE CASES,0.014712153518123668,0.5734072022160664,8.731427851926467
72 SWEETHEART FAIRY CAKE CASES|PACK OF 60 PINK PAISLEY CAKE CASES,60 TEATIME FAIRY CAKE CASES,0.014712153518123668,0.6993243243243243,8.68446005581928
72 SWEETHEART FAIRY CAKE CASES|PACK OF 60 SPACEBOY CAKE CASES,60 TEATIME FAIRY CAKE CASES,0.0073916133617626155,0.6842105263157895,8.49677149626051
60 TEATIME FAIRY CAKE CASES|72 SWEETHEART FAIRY CAKE CASES,PACK OF 72 RETRO SPOT CAKE CASES,0.01300639658848614,0.5069252077562326,6.175270712666833
72 SWEETHEART FAIRY CAKE CASES|PACK OF 72 RETRO SPOT CAKE CASES,60 TEATIME FAIRY CAKE CASES,0.01300639658848614,0.6421052631578947,7.973893250336786
72 SWEETHEART FAIRY CAKE CASES|PACK OF 72 SKULL CAKE CASES,60 TEATIME FAIRY CAKE CASES,0.009097370291400142,0.6368159203980099,7.90820829655781
72 SWEETHEART FAIRY CAKE CASES|WHITE HANGING HEART T-LIGHT HOLDER,60 TEATIME FAIRY CAKE CASES,0.007178393745557924,0.5611111111111111,6.9680788467196235
60 TEATIME FAIRY CAKE CASES|LUNCH BAG RED SPOTTY,PACK OF 72 RETRO SPOT CAKE CASES,0.0073916133617626155,0.6709677419354838,8.173607038123166
60 TEATIME FAIRY CAKE CASES|PACK OF 60 MUSHROOM CAKE CASES,PACK OF 60 DINOSAUR CAKE CASES,0.008742004264392323,0.6029411764705882,13.907184185149468
PACK OF 60 DINOSAUR CAKE CASES|PACK OF 60 MUSHROOM CAKE CASES,60 TEATIME FAIRY CAKE CASES,0.008742004264392323,0.6542553191489361,8.124776999492966
60 TEATIME FAIRY CAKE CASES|PACK OF 60 DINOSAUR CAKE CASES,PACK OF 60 PINK PAISLEY CAKE CASES,0.013930348258706468,0.5490196078431373,8.360071301247773
PACK OF 60 DINOSAUR CAKE CASES|PACK OF 60 PINK PAISLEY CAKE CASES,60 TEATIME FAIRY CAKE CASES,0.013930348258706468,0.6712328767123288,8.335610393064842
60 TEATIME FAIRY CAKE CASES|PACK OF 60 SPACEBOY CAKE CASES,PACK OF 60 DINOSAUR CAKE CASES,0.010092395167022032,0.5748987854251012,13.26037034578881
PACK OF 60 DINOSAUR CAKE CASES|PACK OF 60 SPACEBOY CAKE CASES,60 TEATIME FAIRY CAKE CASES,0.010092395167022032,0.6574074074074073,8.16392076100814
60 TEATIME FAIRY CAKE CASES|PACK OF 60 DINOSAUR CAKE CASES,PACK OF 72 RETRO SPOT CAKE CASES,0.013432835820895522,0.5294117647058824,6.449197860962567
PACK OF 60 DINOSAUR CAKE CASES|PACK OF 72 RETRO SPOT CAKE CASES,60 TEATIME FAIRY CAKE CASES,0.013432835820895522,0.6774193548387096,8.41243629530507
60 TEATIME FAIRY CAKE CASES|PACK OF 72 SKULL CAKE CASES,PACK OF 60 DINOSAUR CAKE CASES,0.011727078891257996,0.5709342560553634,13.16892620114584
PACK OF 60 DINOSAUR CAKE CASES|PACK OF 72 SKULL CAKE CASES,60 TEATIME FAIRY CAKE CASES,0.011727078891257996,0.6962025316455697,8.645692515669166
60 TEATIME FAIRY CAKE CASES|PACK OF 60 MUSHROOM CAKE CASES,PACK OF 60 PINK PAISLEY CAKE CASES,0.009310589907604833,0.642156862745098,9.778297682709447
PACK OF 60 MUSHROOM CAKE CASES|PACK OF 60 PINK PAISLEY CAKE CASES,60 TEATIME FAIRY CAKE CASES,0.009310589907604833,0.6150234741784038,7.6375818902825605
60 TEATIME FAIRY CAKE CASES|PACK OF 60 MUSHROOM CAKE CASES,PACK OF 72 RETRO SPOT CAKE CASES,0.007818052594171997,0.5392156862745098,6.568627450980392
PACK OF 60 MUSHROOM CAKE CASES|PACK OF 72 RETRO SPOT CAKE CASES,60 TEATIME FAIRY CAKE CASES,0.007818052594171997,0.5913978494623655,7.344190416536172
60 TEATIME FAIRY CAKE CASES|PACK OF 60 SPACEBOY CAKE CASES,PACK OF 60 PINK PAISLEY CAKE CASES,0.009808102345415778,0.5587044534412956,8.507545086492456
PACK OF 60 PINK PAISLEY CAKE CASES|PACK OF 60 SPACEBOY CAKE CASES,60 TEATIME FAIRY CAKE CASES,0.009808102345415778,0.673170731707317,8.359675370804899
60 TEATIME FAIRY CAKE CASES|PACK OF 60 PINK PAISLEY CAKE CASES,PACK OF 72 RETRO SPOT CAKE CASES,0.01691542288557214,0.5085470085470085,6.195027195027195
PACK OF 60 PINK PAISLEY CAKE CASES|PACK OF 72 RETRO SPOT CAKE CASES,60 TEATIME FAIRY CAKE CASES,0.01691542288557214,0.5819070904645477,7.2263307703761575
60 TEATIME FAIRY CAKE CASES|PACK OF 72 SKULL CAKE CASES,PACK OF 60 PINK PAISLEY CAKE CASES,0.01122956645344705,0.5467128027681661,8.32494495124253
PACK OF 60 PINK PAISLEY CAKE CASES|PACK OF 72 SKULL CAKE CASES,60 TEATIME FAIRY CAKE CASES,0.01122956645344705,0.672340425531915,8.349364331186269
PACK OF 60 SPACEBOY CAKE CASES|PACK OF 72 RETRO SPOT CAKE CASES,60 TEATIME FAIRY CAKE CASES,0.007818052594171997,0.5759162303664922,7.151934122909572
PACK OF 60 SPACEBOY CAKE CASES|PACK OF 72 SKULL CAKE CASES,60 TEATIME FAIRY CAKE CASES,0.007320540156361052,0.5953757225433527,7.393589069889649
60 TEATIME FAIRY CAKE CASES|PACK OF 72 SKULL CAKE CASES,PACK OF 72 RETRO SPOT CAKE CASES,0.010660980810234541,0.5190311418685121,6.322743000943692
PACK OF 72 RETRO SPOT CAKE CASES|PACK OF 72 SKULL CAKE CASES,60 TEATIME FAIRY CAKE CASES,0.010660980810234541,0.5535055350553506,6.873630077871829
60 TEATIME FAIRY CAKE CASES|SET/20 RED SPOTTY PAPER NAPKINS,PACK OF 72 RETRO SPOT CAKE CASES,0.008031272210376687,0.6848484848484847,8.342699724517905
PACK OF 72 RETRO SPOT CAKE CASES|WHITE HANGING HEART T-LIGHT HOLDER,60 TEATIME FAIRY CAKE CASES,0.00923951670220327,0.5627705627705628,6.988686512075745
60 TEATIME FAIRY CAKE CASES|STRAWBERRY CERAMIC TRINKET BOX,SWEETHEART CERAMIC TRINKET BOX,0.008173418621179816,0.515695067264574,9.013452914798206
60 TEATIME FAIRY CAKE CASES|SWEETHEART CERAMIC TRINKET BOX,STRAWBERRY CERAMIC TRINKET BOX,0.008173418621179816,0.827338129496403,8.981981081801226
72 SWEETHEART FAIRY CAKE CASES|PACK OF 60 DINOSAUR CAKE CASES,PACK OF 60 PINK PAISLEY CAKE CASES,0.009808102345415778,0.5679012345679012,8.647586980920314
72 SWEETHEART FAIRY CAKE CASES|PACK OF 60 SPACEBOY CAKE CASES,PACK OF 60 DINOSAUR CAKE CASES,0.007107320540156361,0.6578947368421053,15.174719585849871
72 SWEETHEART FAIRY CAKE CASES|PACK OF 60 DINOSAUR CAKE CASES,PACK OF 72 RETRO SPOT CAKE CASES,0.008955223880597015,0.5185185185185185,6.316498316498316
72 SWEETHEART FAIRY CAKE CASES|PACK OF 72 SKULL CAKE CASES,PACK OF 60 DINOSAUR CAKE CASES,0.007462686567164179,0.5223880597014925,12.049180327868852
72 SWEETHEART FAIRY CAKE CASES|PACK OF 60 MUSHROOM CAKE CASES,PACK OF 60 PINK PAISLEY CAKE CASES,0.0073916133617626155,0.6666666666666666,10.15151515151515
72 SWEETHEART FAIRY CAKE CASES|PACK OF 72 RETRO SPOT CAKE CASES,PACK OF 60 PINK PAISLEY CAKE CASES,0.010874200426439232,0.5368421052631579,8.174641148325358
72 SWEETHEART FAIRY CAKE CASES|PACK OF 60 PINK PAISLEY CAKE CASES,PACK OF 72 RETRO SPOT CAKE CASES,0.010874200426439232,0.5168918918918919,6.296683046683047
72 SWEETHEART FAIRY CAKE CASES|PACK OF 72 SKULL CAKE CASES,PACK OF 60 PINK PAISLEY CAKE CASES,0.0073916133617626155,0.5174129353233831,7.878787878787879
BATHROOM METAL SIGN|WHITE HANGING HEART T-LIGHT HOLDER,TOILET METAL SIGN,0.008528784648187633,0.5911330049261084,19.252873563218394
TOILET METAL SIGN|WHITE HANGING HEART T-LIGHT HOLDER,BATHROOM METAL SIGN,0.008528784648187633,0.8333333333333333,17.65813253012048
BLUE 3 PIECE MINI DOTS CUTLERY SET|PINK 3 PIECE MINI DOTS CUTLERY SET,RED 3 PIECE MINI DOTS CUTLERY SET,0.013290689410092395,0.6538461538461539,20.130449419289683
PINK 3 PIECE MINI DOTS CUTLERY SET|RED 3 PIECE MINI DOTS CUTLERY SET,BLUE 3 PIECE MINI DOTS CUTLERY SET,0.013290689410092395,0.7857142857142857,24.89864864864865
BLUE 3 PIECE MINI DOTS CUTLERY SET|RED 3 PIECE MINI DOTS CUTLERY SET,PINK 3 PIECE MINI DOTS CUTLERY SET,0.013290689410092395,0.6338983050847458,21.647934836267893
CERAMIC STRAWBERRY CAKE MONEY BANK|STRAWBERRY CERAMIC TRINKET BOX,SWEETHEART CERAMIC TRINKET BOX,0.009026297085998579,0.6649214659685865,11.621670839972685
CERAMIC STRAWBERRY CAKE MONEY BANK|SWEETHEART CERAMIC TRINKET BOX,STRAWBERRY CERAMIC TRINKET BOX,0.009026297085998579,0.8819444444444444,9.574813528806585
HOT WATER BOTTLE TEA AND SYMPATHY|RED WOOLLY HOTTIE WHITE HEART.,CHOCOLATE HOT WATER BOTTLE,0.007107320540156361,0.5154639175257731,9.168871453334548
CHOCOLATE HOT WATER BOTTLE|RED WOOLLY HOTTIE WHITE HEART.,HOT WATER BOTTLE TEA AND SYMPATHY,0.007107320540156361,0.6211180124223603,10.592885375494072
HOT WATER BOTTLE TEA AND SYMPATHY|SCOTTIE DOG HOT WATER BOTTLE,CHOCOLATE HOT WATER BOTTLE,0.009310589907604833,0.5550847457627118,9.873631318434077
CHOCOLATE THIS WAY METAL SIGN|GIN + TONIC DIET METAL SIGN,COOK WITH WINE METAL SIGN,0.007107320540156361,0.5847953216374269,12.978028667884221
CHOCOLATE THIS WAY METAL SIGN|COOK WITH WINE METAL SIGN,GIN + TONIC DIET METAL SIGN,0.007107320540156361,0.641025641025641,12.171701442956502
CHOCOLATE THIS WAY METAL SIGN|HAND OVER THE CHOCOLATE   SIGN,GIN + TONIC DIET METAL SIGN,0.007462686567164179,0.5303030303030303,10.069316648264016
CHOCOLATE THIS WAY METAL SIGN|GIN + TONIC DIET METAL SIGN,HAND OVER THE CHOCOLATE   SIGN,0.007462686567164179,0.6140350877192983,11.900101493402929
GIN + TONIC DIET METAL SIGN|HAND OVER THE CHOCOLATE   SIGN,COOK WITH WINE METAL SIGN,0.010945273631840797,0.56,12.427760252365932
COOK WITH WINE METAL SIGN|HAND OVER THE CHOCOLATE   SIGN,GIN + TONIC DIET METAL SIGN,0.010945273631840797,0.6285714285714286,11.935222672064777
COOK WITH WINE METAL SIGN|NO SINGING METAL SIGN,GIN + TONIC DIET METAL SIGN,0.0073916133617626155,0.6011560693641619,11.414663827198053
GIN + TONIC DIET METAL SIGN|PLEASE ONE PERSON METAL SIGN,COOK WITH WINE METAL SIGN,0.010945273631840797,0.5923076923076923,13.144746420771659
COOK WITH WINE METAL SIGN|PLEASE ONE PERSON METAL SIGN,GIN + TONIC DIET METAL SIGN,0.010945273631840797,0.620967741935484,11.790844978451092
COOK WITH WINE METAL SIGN|WHITE HANGING HEART T-LIGHT HOLDER,GIN + TONIC DIET METAL SIGN,0.00810234541577825,0.5428571428571428,10.307692307692307
COOK WITH WINE METAL SIGN|NO SINGING METAL SIGN,HAND OVER THE CHOCOLATE   SIGN,0.0073916133617626155,0.6011560693641619,11.650503988917022
HAND OVER THE CHOCOLATE   SIGN|PLEASE ONE PERSON METAL SIGN,COOK WITH WINE METAL SIGN,0.008599857853589197,0.5353982300884956,11.881787219787277
CREAM CUPID HEARTS COAT HANGER|WOODEN FRAME ANTIQUE WHITE,WOODEN PICTURE FRAME WHITE FINISH,0.00824449182658138,0.7837837837837838,13.665226564854818
CREAM CUPID HEARTS COAT HANGER|WOODEN PICTURE FRAME WHITE FINISH,WOODEN FRAME ANTIQUE WHITE,0.00824449182658138,0.7945205479452055,11.269056562085728
FELTCRAFT 6 FLOWER FRIENDS|PINK CREAM FELT CRAFT TRINKET BOX,PINK BLUE FELT CRAFT TRINKET BOX,0.00824449182658138,0.5771144278606966,14.448398576512455
FELTCRAFT 6 FLOWER FRIENDS|PINK BLUE FELT CRAFT TRINKET BOX,PINK CREAM FELT CRAFT TRINKET BOX,0.00824449182658138,0.7250000000000001,14.510312944523474
FELTCRAFT BUTTERFLY HEARTS|PINK CREAM FELT CRAFT TRINKET BOX,PINK BLUE FELT CRAFT TRINKET BOX,0.007960199004975124,0.5863874345549738,14.680553744107616
FELTCRAFT BUTTERFLY HEARTS|PINK BLUE FELT CRAFT TRINKET BOX,PINK CREAM FELT CRAFT TRINKET BOX,0.007960199004975124,0.7225806451612903,14.461891433028955
HAND OVER THE CHOCOLATE   SIGN|NO SINGING METAL SIGN,GIN + TONIC DIET METAL SIGN,0.009026297085998579,0.5162601626016261,9.802672723083507
GIN + TONIC DIET METAL SIGN|NO SINGING METAL SIGN,HAND OVER THE CHOCOLATE   SIGN,0.009026297085998579,0.5772727272727273,11.187640871525169
HAND OVER THE CHOCOLATE   SIGN|PLEASE ONE PERSON METAL SIGN,GIN + TONIC DIET METAL SIGN,0.008742004264392323,0.5442477876106194,10.334097667586255
NO SINGING METAL SIGN|PLEASE ONE PERSON METAL SIGN,GIN + TONIC DIET METAL SIGN,0.007249466950959489,0.528497409326425,10.035031780327664
HAND OVER THE CHOCOLATE   SIGN|LADIES & GENTLEMEN METAL SIGN,NO SINGING METAL SIGN,0.007462686567164179,0.5675675675675675,13.331678924333348
LADIES & GENTLEMEN METAL SIGN|NO SINGING METAL SIGN,HAND OVER THE CHOCOLATE   SIGN,0.007462686567164179,0.5526315789473685,10.710091344062636
HAND WARMER OWL DESIGN|HAND WARMER SCOTTY DOG DESIGN,HAND WARMER BIRD DESIGN,0.01222459132906894,0.5752508361204013,15.655279041032973
HAND WARMER BIRD DESIGN|HAND WARMER SCOTTY DOG DESIGN,HAND WARMER OWL DESIGN,0.01222459132906894,0.6771653543307086,17.514184807781376
HAND WARMER BIRD DESIGN|HAND WARMER OWL DESIGN,HAND WARMER SCOTTY DOG DESIGN,0.01222459132906894,0.5890410958904109,15.607925083197893
HAND WARMER OWL DESIGN|HAND WARMER UNION JACK,HAND WARMER BIRD DESIGN,0.008884150675195452,0.5980861244019139,16.276734565444738
HAND WARMER BIRD DESIGN|HAND WARMER UNION JACK,HAND WARMER OWL DESIGN,0.008884150675195452,0.6983240223463688,18.061431975024647
HAND WARMER SCOTTY DOG DESIGN|HAND WARMER UNION JACK,HAND WARMER BIRD DESIGN,0.007178393745557924,0.554945054945055,15.102663294152658
HAND WARMER BIRD DESIGN|HAND WARMER UNION JACK,HAND WARMER SCOTTY DOG DESIGN,0.007178393745557924,0.5642458100558659,14.950920051762775
HAND WARMER SCOTTY DOG DESIGN|HAND WARMER UNION JACK,HAND WARMER OWL DESIGN,0.008528784648187633,0.6593406593406593,17.05316742081448
HAND WARMER OWL DESIGN|HAND WARMER UNION JACK,HAND WARMER SCOTTY DOG DESIGN,0.008528784648187633,0.5741626794258373,15.213689076311734
SINGLE HEART ZINC T-LIGHT HOLDER|WHITE HANGING HEART T-LIGHT HOLDER,HANGING HEART ZINC T-LIGHT HOLDER,0.008173418621179816,0.6424581005586593,12.41673828964332
HEART OF WICKER SMALL|WHITE HANGING HEART T-LIGHT HOLDER,HEART OF WICKER LARGE,0.014001421464108032,0.6214511041009464,8.85001724159951
HEART OF WICKER LARGE|WHITE HANGING HEART T-LIGHT HOLDER,HEART OF WICKER SMALL,0.014001421464108032,0.518421052631579,8.511300128968864
HEART OF WICKER LARGE|RED HANGING HEART T-LIGHT HOLDER,WHITE HANGING HEART T-LIGHT HOLDER,0.008742004264392323,0.803921568627451,3.89503321989953
HOME BUILDING BLOCK WORD|RED HANGING HEART T-LIGHT HOLDER,WHITE HANGING HEART T-LIGHT HOLDER,0.00788912579957356,0.8409090909090909,4.074239293764087
JUMBO  BAG BAROQUE BLACK WHITE|JUMBO BAG SCANDINAVIAN PAISLEY,JUMBO BAG PINK VINTAGE PAISLEY,0.008813077469793887,0.5560538116591928,12.379235965260825
JUMBO  BAG BAROQUE BLACK WHITE|JUMBO BAG PINK VINTAGE PAISLEY,JUMBO BAG SCANDINAVIAN PAISLEY,0.008813077469793887,0.6262626262626262,13.942270809359416
JUMBO  BAG BAROQUE BLACK WHITE|JUMBO BAG PINK VINTAGE PAISLEY,JUMBO BAG STRAWBERRY,0.00767590618336887,0.5454545454545454,8.821316614420063
JUMBO  BAG BAROQUE BLACK WHITE|JUMBO BAG PINK VINTAGE PAISLEY,JUMBO STORAGE BAG SUKI,0.007107320540156361,0.5050505050505051,7.402146464646465
JUMBO  BAG BAROQUE BLACK WHITE|JUMBO BAG PINK WITH WHITE SPOTS,JUMBO BAG STRAWBERRY,0.00845771144278607,0.6165803108808291,9.971591924245134
JUMBO  BAG BAROQUE BLACK WHITE|JUMBO BAG PINK WITH WHITE SPOTS,JUMBO STORAGE BAG SUKI,0.0073916133617626155,0.538860103626943,7.897668393782384
JUMBO  BAG BAROQUE BLACK WHITE|JUMBO BAG SCANDINAVIAN PAISLEY,JUMBO BAG STRAWBERRY,0.008742004264392323,0.5515695067264573,8.920210298438224
JUMBO  BAG BAROQUE BLACK WHITE|JUMBO BAG SCANDINAVIAN PAISLEY,JUMBO STORAGE BAG SUKI,0.008031272210376687,0.506726457399103,7.426709641255604
JUMBO  BAG BAROQUE BLACK WHITE|JUMBO BAG STRAWBERRY,JUMBO STORAGE BAG SUKI,0.010874200426439232,0.5049504950495048,7.400680693069305
JUMBO  BAG BAROQUE BLACK WHITE|JUMBO STORAGE BAG SUKI,JUMBO BAG STRAWBERRY,0.010874200426439232,0.5275862068965517,8.532342449464922
JUMBO  BAG BAROQUE BLACK WHITE|JUMBO SHOPPER VINTAGE RED PAISLEY,JUMBO STORAGE BAG SUKI,0.00923951670220327,0.5371900826446281,7.873192148760331
JUMBO  BAG BAROQUE BLACK WHITE|JUMBO STORAGE BAG SKULLS,JUMBO STORAGE BAG SUKI,0.008813077469793887,0.6775956284153005,9.931010928961749
JUMBO BAG OWLS|JUMBO BAG RED RETROSPOT,JUMBO STORAGE BAG SUKI,0.007960199004975124,0.6187845303867403,9.069060773480663
JUMBO BAG OWLS|JUMBO BAG STRAWBERRY,JUMBO STORAGE BAG SUKI,0.008173418621179816,0.6117021276595745,8.965259308510639
JUMBO BAG PINK WITH WHITE SPOTS|JUMBO BAG SCANDINAVIAN PAISLEY,JUMBO BAG PINK VINTAGE PAISLEY,0.007107320540156361,0.5376344086021505,11.969171090240915
JUMBO BAG PINK VINTAGE PAISLEY|JUMBO BAG PINK WITH WHITE SPOTS,JUMBO BAG SCANDINAVIAN PAISLEY,0.007107320540156361,0.6289308176100629,14.001671841413899
JUMBO BAG RED RETROSPOT|JUMBO BAG SCANDINAVIAN PAISLEY,JUMBO BAG PINK VINTAGE PAISLEY,0.007249466950959489,0.5151515151515151,11.468642117376294
JUMBO BAG PINK VINTAGE PAISLEY|JUMBO BAG RED RETROSPOT,JUMBO BAG SCANDINAVIAN PAISLEY,0.007249466950959489,0.5204081632653061,11.585669077757686
JUMBO BAG PINK VINTAGE PAISLEY|JUMBO BAG RED RETROSPOT,JUMBO SHOPPER VINTAGE RED PAISLEY,0.007107320540156361,0.5102040816326531,7.879880821702996
JUMBO BAG SCANDINAVIAN PAISLEY|JUMBO BAG STRAWBERRY,JUMBO BAG PINK VINTAGE PAISLEY,0.01122956645344705,0.6007604562737643,13.374524714828897
JUMBO BAG PINK VINTAGE PAISLEY|JUMBO BAG STRAWBERRY,JUMBO BAG SCANDINAVIAN PAISLEY,0.01122956645344705,0.6422764227642277,14.29878048780488
JUMBO BAG PINK VINTAGE PAISLEY|JUMBO BAG SCANDINAVIAN PAISLEY,JUMBO BAG STRAWBERRY,0.01122956645344705,0.5146579804560261,8.323261821857802
JUMBO BAG PINK VINTAGE PAISLEY|JUMBO SHOPPER VINTAGE RED PAISLEY,JUMBO BAG SCANDINAVIAN PAISLEY,0.009950248756218905,0.608695652173913,13.55118326912493
JUMBO BAG SCANDINAVIAN PAISLEY|JUMBO SHOPPER VINTAGE RED PAISLEY,JUMBO BAG PINK VINTAGE PAISLEY,0.009950248756218905,0.5447470817120623,12.127518100773287
JUMBO BAG SCANDINAVIAN PAISLEY|JUMBO STORAGE BAG SUKI,JUMBO BAG PINK VINTAGE PAISLEY,0.00945273631840796,0.5635593220338982,12.546328577558462
JUMBO BAG PINK VINTAGE PAISLEY|JUMBO STORAGE BAG SUKI,JUMBO BAG SCANDINAVIAN PAISLEY,0.00945273631840796,0.5807860262008733,12.929840804820074
JUMBO BAG PINK VINTAGE PAISLEY|JUMBO STORAGE BAG SUKI,JUMBO BAG STRAWBERRY,0.00845771144278607,0.519650655021834,8.404005420870352
JUMBO BAG PINK WITH WHITE SPOTS|JUMBO BAG RED RETROSPOT,JUMBO BAG STRAWBERRY,0.008528784648187633,0.5194805194805194,8.401253918495298
JUMBO BAG PINK WITH WHITE SPOTS|JUMBO BAG SCANDINAVIAN PAISLEY,JUMBO BAG STRAWBERRY,0.00845771144278607,0.6397849462365591,10.346866889136077
JUMBO BAG PINK WITH WHITE SPOTS|JUMBO BAG SCANDINAVIAN PAISLEY,JUMBO SHOPPER VINTAGE RED PAISLEY,0.007746979388770434,0.5860215053763441,9.050848057788324
JUMBO BAG SPACEBOY DESIGN|JUMBO SHOPPER VINTAGE RED PAISLEY,JUMBO BAG PINK WITH WHITE SPOTS,0.007178393745557924,0.5,9.936440677966102
JUMBO BAG PINK WITH WHITE SPOTS|JUMBO BAG SPACEBOY DESIGN,JUMBO STORAGE BAG SUKI,0.00788912579957356,0.5414634146341463,7.935823170731706
JUMBO BAG PINK WITH WHITE SPOTS|JUMBO SHOPPER VINTAGE RED PAISLEY,JUMBO BAG STRAWBERRY,0.00923951670220327,0.5,8.086206896551724
JUMBO BAG PINK WITH WHITE SPOTS|JUMBO BAG STRAWBERRY,JUMBO STORAGE BAG SUKI,0.010447761194029851,0.5104166666666666,7.480794270833333
JUMBO BAG PINK WITH WHITE SPOTS|JUMBO STORAGE BAG SUKI,JUMBO BAG STRAWBERRY,0.010447761194029851,0.5653846153846154,9.143633952254643
JUMBO BAG STRAWBERRY|LUNCH BAG PINK RETROSPOT,JUMBO BAG PINK WITH WHITE SPOTS,0.007178393745557924,0.6778523489932886,13.470879308383575
JUMBO BAG PINK WITH WHITE SPOTS|JUMBO STORAGE BAG SUKI,JUMBO SHOPPER VINTAGE RED PAISLEY,0.009879175550817342,0.5346153846153846,8.256902811787555
JUMBO BAG PINK WITH WHITE SPOTS|JUMBO SHOPPER VINTAGE RED PAISLEY,JUMBO STORAGE BAG SUKI,0.009879175550817342,0.5346153846153846,7.835456730769231
JUMBO BAG PINK WITH WHITE SPOTS|JUMBO STORAGE BAG SKULLS,JUMBO STORAGE BAG SUKI,0.007533759772565742,0.6235294117647059,9.13860294117647
JUMBO BAG PINK WITH WHITE SPOTS|LUNCH BAG SUKI  DESIGN,JUMBO STORAGE BAG SUKI,0.007249466950959489,0.6455696202531646,9.461629746835444
JUMBO BAG PINK WITH WHITE SPOTS|LUNCH BAG PINK RETROSPOT,LUNCH BAG RED SPOTTY,0.009737029140014215,0.5805084745762712,7.734615755007705
JUMBO BAG PINK WITH WHITE SPOTS|LUNCH BAG RED SPOTTY,LUNCH BAG PINK RETROSPOT,0.009737029140014215,0.7405405405405405,14.351798079070806
JUMBO BAG PINK WITH WHITE SPOTS|LUNCH BAG SUKI  DESIGN,LUNCH BAG PINK RETROSPOT,0.00810234541577825,0.7215189873417721,13.983157234020293
JUMBO BAG RED RETROSPOT|JUMBO BAG SCANDINAVIAN PAISLEY,JUMBO SHOPPER VINTAGE RED PAISLEY,0.007533759772565742,0.5353535353535354,8.26830322988391
JUMBO BAG RED RETROSPOT|JUMBO BAG SPACEBOY DESIGN,JUMBO STORAGE BAG SUKI,0.007462686567164179,0.5965909090909091,8.743785511363637
JUMBO BAG RED RETROSPOT|JUMBO STORAGE BAG SKULLS,JUMBO STORAGE BAG SUKI,0.0073916133617626155,0.574585635359116,8.421270718232044
JUMBO BAG RED RETROSPOT|LUNCH BAG SUKI  DESIGN,JUMBO STORAGE BAG SUKI,0.00824449182658138,0.6010362694300518,8.808937823834198
JUMBO BAG SCANDINAVIAN PAISLEY|JUMBO BAG STRAWBERRY,JUMBO STORAGE BAG SUKI,0.009737029140014215,0.5209125475285171,7.634624524714829
JUMBO BAG SCANDINAVIAN PAISLEY|JUMBO STORAGE BAG SUKI,JUMBO BAG STRAWBERRY,0.009737029140014215,0.5805084745762712,9.388223261250731
JUMBO BAG SCANDINAVIAN PAISLEY|JUMBO STORAGE BAG SUKI,JUMBO SHOPPER VINTAGE RED PAISLEY,0.009310589907604833,0.5550847457627118,8.573043219408733
JUMBO BAG SCANDINAVIAN PAISLEY|JUMBO SHOPPER VINTAGE RED PAISLEY,JUMBO STORAGE BAG SUKI,0.009310589907604833,0.509727626459144,7.47069552529183
JUMBO BAG SPACEBOY DESIGN|JUMBO BAG STRAWBERRY,JUMBO STORAGE BAG SUKI,0.007249466950959489,0.6496815286624203,9.521894904458598
JUMBO BAG SPACEBOY DESIGN|JUMBO STORAGE BAG SUKI,JUMBO SHOPPER VINTAGE RED PAISLEY,0.008884150675195452,0.5296610169491526,8.180384751344212
JUMBO BAG SPACEBOY DESIGN|JUMBO SHOPPER VINTAGE RED PAISLEY,JUMBO STORAGE BAG SUKI,0.008884150675195452,0.6188118811881189,9.069461633663368
JUMBO BAG SPACEBOY DESIGN|LUNCH BAG SPACEBOY DESIGN,LUNCH BAG SUKI  DESIGN,0.007178393745557924,0.5706214689265536,8.433449651046859
JUMBO BAG SPACEBOY DESIGN|LUNCH BAG SUKI  DESIGN,LUNCH BAG SPACEBOY DESIGN,0.007178393745557924,0.6644736842105263,10.285087719298247
JUMBO BAG STRAWBERRY|JUMBO BAG TOYS,JUMBO STORAGE BAG SUKI,0.0073916133617626155,0.574585635359116,8.421270718232044
JUMBO BAG TOYS|JUMBO STORAGE BAG SUKI,JUMBO BAG STRAWBERRY,0.0073916133617626155,0.5842696629213483,9.449050755521116
JUMBO BAG STRAWBERRY|JUMBO SHOPPER VINTAGE RED PAISLEY,JUMBO STORAGE BAG SUKI,0.010376687988628288,0.5468164794007491,8.01427902621723
JUMBO BAG STRAWBERRY|JUMBO STORAGE BAG SKULLS,JUMBO STORAGE BAG SUKI,0.008315565031982943,0.6724137931034483,9.855064655172415
JUMBO BAG STRAWBERRY|LUNCH BAG SUKI  DESIGN,JUMBO STORAGE BAG SUKI,0.00767590618336887,0.6625766871165645,9.710889570552148
JUMBO SHOPPER VINTAGE RED PAISLEY|JUMBO STORAGE BAG SKULLS,JUMBO STORAGE BAG SUKI,0.007107320540156361,0.5988023952095808,8.776197604790418
JUMBO SHOPPER VINTAGE RED PAISLEY|LUNCH BAG SUKI  DESIGN,JUMBO STORAGE BAG SUKI,0.00788912579957356,0.5873015873015873,8.60763888888889
JUMBO STORAGE BAG SUKI|LUNCH BAG  BLACK SKULL.,LUNCH BAG SUKI  DESIGN,0.009381663113006396,0.6839378238341969,10.108198719902468
JUMBO STORAGE BAG SUKI|LUNCH BAG CARS BLUE,LUNCH BAG SUKI  DESIGN,0.008955223880597015,0.6737967914438503,9.958320226486316
JUMBO STORAGE BAG SUKI|LUNCH BAG PINK RETROSPOT,LUNCH BAG RED SPOTTY,0.007320540156361052,0.6319018404907976,8.419373954266593
JUMBO STORAGE BAG SUKI|LUNCH BAG RED SPOTTY,LUNCH BAG PINK RETROSPOT,0.007320540156361052,0.5099009900990099,9.8819654692742
JUMBO STORAGE BAG SUKI|LUNCH BAG PINK RETROSPOT,LUNCH BAG SUKI  DESIGN,0.00845771144278607,0.7300613496932515,10.789877300613497
JUMBO STORAGE BAG SUKI|LUNCH BAG RED SPOTTY,LUNCH BAG SUKI  DESIGN,0.008599857853589197,0.599009900990099,8.853013977868375
JUMBO STORAGE BAG SUKI|LUNCH BAG SPACEBOY DESIGN,LUNCH BAG SUKI  DESIGN,0.008955223880597015,0.72,10.641176470588235
JUMBO STORAGE BAG SUKI|LUNCH BAG WOODLAND,LUNCH BAG SUKI  DESIGN,0.007533759772565742,0.6838709677419355,10.107210626185958
LOVE BUILDING BLOCK WORD|RED HANGING HEART T-LIGHT HOLDER,WHITE HANGING HEART T-LIGHT HOLDER,0.007533759772565742,0.8479999999999999,4.108595041322313
LUNCH BAG CARS BLUE|LUNCH BAG SPACEBOY DESIGN,LUNCH BAG  BLACK SKULL.,0.011442786069651741,0.5143769968051118,7.515352383227334
LUNCH BAG  BLACK SKULL.|LUNCH BAG CARS BLUE,LUNCH BAG SUKI  DESIGN,0.013077469793887705,0.5558912386706949,8.215745512706594
LUNCH BAG CARS BLUE|LUNCH BAG SUKI  DESIGN,LUNCH BAG  BLACK SKULL.,0.013077469793887705,0.5041095890410959,7.365339478513207
LUNCH BAG  BLACK SKULL.|LUNCH BAG WOODLAND,LUNCH BAG CARS BLUE,0.013646055437100213,0.5818181818181818,9.664913598797895
LUNCH BAG  BLACK SKULL.|LUNCH BAG CARS BLUE,LUNCH BAG WOODLAND,0.013646055437100213,0.580060422960725,10.410012947777297
LUNCH BAG CARS BLUE|LUNCH BAG WOODLAND,LUNCH BAG  BLACK SKULL.,0.013646055437100213,0.5647058823529412,8.250687190764156
LUNCH BAG  BLACK SKULL.|LUNCH BAG PINK RETROSPOT,LUNCH BAG RED SPOTTY,0.013361762615493959,0.6527777777777777,8.697522095959595
LUNCH BAG  BLACK SKULL.|LUNCH BAG PINK RETROSPOT,LUNCH BAG SPACEBOY DESIGN,0.011940298507462687,0.5833333333333333,9.029152915291528
LUNCH BAG PINK RETROSPOT|LUNCH BAG SPACEBOY DESIGN,LUNCH BAG  BLACK SKULL.,0.011940298507462687,0.5299684542586751,7.743152805212418
LUNCH BAG  BLACK SKULL.|LUNCH BAG PINK RETROSPOT,LUNCH BAG SUKI  DESIGN,0.011442786069651741,0.5590277777777777,8.262101715686272
LUNCH BAG  BLACK SKULL.|LUNCH BAG PINK RETROSPOT,LUNCH BAG WOODLAND,0.010376687988628288,0.5069444444444444,9.097842261904761
LUNCH BAG PINK RETROSPOT|LUNCH BAG WOODLAND,LUNCH BAG  BLACK SKULL.,0.010376687988628288,0.5748031496062992,8.398214241911349
LUNCH BAG RED SPOTTY|LUNCH BAG SPACEBOY DESIGN,LUNCH BAG  BLACK SKULL.,0.012722103766879886,0.5440729483282675,7.9492278120235955
LUNCH BAG  BLACK SKULL.|LUNCH BAG WOODLAND,LUNCH BAG RED SPOTTY,0.011940298507462687,0.509090909090909,6.783057851239669
LUNCH BAG  BLACK SKULL.|LUNCH BAG SUKI  DESIGN,LUNCH BAG SPACEBOY DESIGN,0.014925373134328358,0.546875,8.46483085808581
LUNCH BAG  BLACK SKULL.|LUNCH BAG SPACEBOY DESIGN,LUNCH BAG SUKI  DESIGN,0.014925373134328358,0.5691056910569106,8.411047345767575
LUNCH BAG  BLACK SKULL.|LUNCH BAG WOODLAND,LUNCH BAG SPACEBOY DESIGN,0.012935323383084577,0.5515151515151515,8.536653665366536
LUNCH BAG SPACEBOY DESIGN|LUNCH BAG WOODLAND,LUNCH BAG  BLACK SKULL.,0.012935323383084577,0.5481927710843373,8.009420861014148
LUNCH BAG  BLACK SKULL.|LUNCH BAG WOODLAND,LUNCH BAG SUKI  DESIGN,0.012366737739872069,0.5272727272727272,7.792780748663101
LUNCH BAG SUKI  DESIGN|LUNCH BAG WOODLAND,LUNCH BAG  BLACK SKULL.,0.012366737739872069,0.5370370370370371,7.846428983500634
LUNCH BAG CARS BLUE|LUNCH BAG PINK RETROSPOT,LUNCH BAG RED SPOTTY,0.012864250177683013,0.6073825503355704,8.092682275777912
LUNCH BAG CARS BLUE|LUNCH BAG PINK RETROSPOT,LUNCH BAG SPACEBOY DESIGN,0.010945273631840797,0.5167785234899329,7.998981106164308
LUNCH BAG PINK RETROSPOT|LUNCH BAG SUKI  DESIGN,LUNCH BAG CARS BLUE,0.011727078891257996,0.5030487804878049,8.356430155210644
LUNCH BAG CARS BLUE|LUNCH BAG PINK RETROSPOT,LUNCH BAG SUKI  DESIGN,0.011727078891257996,0.5536912751677853,8.183231346229768
LUNCH BAG PINK RETROSPOT|LUNCH BAG WOODLAND,LUNCH BAG CARS BLUE,0.010447761194029851,0.5787401574803149,9.61378278128457
LUNCH BAG CARS BLUE|LUNCH BAG WOODLAND,LUNCH BAG RED SPOTTY,0.013219616204690832,0.5470588235294118,7.288937165775402
LUNCH BAG RED SPOTTY|LUNCH BAG WOODLAND,LUNCH BAG CARS BLUE,0.013219616204690832,0.5375722543352601,8.929919266230355
LUNCH BAG CARS BLUE|LUNCH BAG RED SPOTTY,LUNCH BAG WOODLAND,0.013219616204690832,0.5,8.973214285714285
LUNCH BAG CARS BLUE|LUNCH BAG SUKI  DESIGN,LUNCH BAG SPACEBOY DESIGN,0.015422885572139304,0.5945205479452055,9.202314752023147
LUNCH BAG CARS BLUE|LUNCH BAG SPACEBOY DESIGN,LUNCH BAG SUKI  DESIGN,0.015422885572139304,0.6932907348242812,10.246429242623567
LUNCH BAG CARS BLUE|LUNCH BAG WOODLAND,LUNCH BAG SPACEBOY DESIGN,0.01257995735607676,0.5205882352941177,8.057949912638323
LUNCH BAG SPACEBOY DESIGN|LUNCH BAG WOODLAND,LUNCH BAG CARS BLUE,0.01257995735607676,0.5331325301204819,8.856168475555112
LUNCH BAG CARS BLUE|LUNCH BAG SPACEBOY DESIGN,LUNCH BAG WOODLAND,0.01257995735607676,0.5654952076677316,10.148619351894112
LUNCH BAG SUKI  DESIGN|LUNCH BAG WOODLAND,LUNCH BAG CARS BLUE,0.01300639658848614,0.5648148148148148,9.382460973370064
LUNCH BAG CARS BLUE|LUNCH BAG SUKI  DESIGN,LUNCH BAG WOODLAND,0.01300639658848614,0.5013698630136986,8.997798434442268
LUNCH BAG CARS BLUE|LUNCH BAG WOODLAND,LUNCH BAG SUKI  DESIGN,0.01300639658848614,0.538235294117647,7.954801038062284
LUNCH BAG PINK RETROSPOT|LUNCH BAG SPACEBOY DESIGN,LUNCH BAG RED SPOTTY,0.012722103766879886,0.5646687697160884,7.523569687410382
LUNCH BAG RED SPOTTY|LUNCH BAG SPACEBOY DESIGN,LUNCH BAG PINK RETROSPOT,0.012722103766879886,0.5440729483282675,10.54422366801477
LUNCH BAG PINK RETROSPOT|LUNCH BAG SUKI  DESIGN,LUNCH BAG RED SPOTTY,0.014498933901918977,0.6219512195121951,8.286793237250555
LUNCH BAG RED SPOTTY|LUNCH BAG SUKI  DESIGN,LUNCH BAG PINK RETROSPOT,0.014498933901918977,0.5779036827195468,11.199868892374688
LUNCH BAG PINK RETROSPOT|LUNCH BAG RED SPOTTY,LUNCH BAG SUKI  DESIGN,0.014498933901918977,0.5177664974619289,7.652284263959391
LUNCH BAG PINK RETROSPOT|LUNCH BAG WOODLAND,LUNCH BAG RED SPOTTY,0.01300639658848614,0.7204724409448818,9.599476556907659
LUNCH BAG RED SPOTTY|LUNCH BAG WOODLAND,LUNCH BAG PINK RETROSPOT,0.01300639658848614,0.5289017341040463,10.250203028710649
LUNCH BAG PINK RETROSPOT|WHITE HANGING HEART T-LIGHT HOLDER,LUNCH BAG RED SPOTTY,0.00788912579957356,0.6065573770491803,8.08168777943368
LUNCH BAG PINK RETROSPOT|LUNCH BAG SUKI  DESIGN,LUNCH BAG SPACEBOY DESIGN,0.01357498223169865,0.5823170731707317,9.013422683731788
LUNCH BAG PINK RETROSPOT|LUNCH BAG SPACEBOY DESIGN,LUNCH BAG SUKI  DESIGN,0.01357498223169865,0.6025236593059937,8.904945258860643
LUNCH BAG PINK RETROSPOT|LUNCH BAG WOODLAND,LUNCH BAG SPACEBOY DESIGN,0.010447761194029851,0.5787401574803149,8.958057223045138
LUNCH BAG PINK RETROSPOT|LUNCH BAG WOODLAND,LUNCH BAG SUKI  DESIGN,0.010945273631840797,0.6062992125984252,8.960745715609079
LUNCH BAG RED SPOTTY|LUNCH BAG SUKI  DESIGN,LUNCH BAG SPACEBOY DESIGN,0.013503909026297086,0.538243626062323,8.331229723538927
LUNCH BAG RED SPOTTY|LUNCH BAG SPACEBOY DESIGN,LUNCH BAG SUKI  DESIGN,0.013503909026297086,0.5775075987841946,8.53522259967817
LUNCH BAG SUKI  DESIGN|LUNCH BAG WOODLAND,LUNCH BAG RED SPOTTY,0.011869225302061123,0.5154320987654322,6.8675469977553325
LUNCH BAG RED SPOTTY|STRAWBERRY CHARLOTTE BAG,RED SPOTTY CHARLOTTE BAG,0.007320540156361052,0.7152777777777778,17.20334757834758
LUNCH BAG SUKI  DESIGN|LUNCH BAG WOODLAND,LUNCH BAG SPACEBOY DESIGN,0.014427860696517412,0.6265432098765432,9.697979057164977
LUNCH BAG SPACEBOY DESIGN|LUNCH BAG WOODLAND,LUNCH BAG SUKI  DESIGN,0.014427860696517412,0.6114457831325301,9.036809000708717
PACK OF 60 DINOSAUR CAKE CASES|PACK OF 60 MUSHROOM CAKE CASES,PACK OF 60 PINK PAISLEY CAKE CASES,0.007178393745557924,0.5372340425531915,8.18060928433269
PACK OF 60 PINK PAISLEY CAKE CASES|PACK OF 60 SPACEBOY CAKE CASES,PACK OF 60 DINOSAUR CAKE CASES,0.008031272210376687,0.5512195121951219,12.714194322271089
PACK OF 60 DINOSAUR CAKE CASES|PACK OF 60 SPACEBOY CAKE CASES,PACK OF 60 PINK PAISLEY CAKE CASES,0.008031272210376687,0.5231481481481481,7.9661195286195285
PACK OF 60 DINOSAUR CAKE CASES|PACK OF 72 RETRO SPOT CAKE CASES,PACK OF 60 PINK PAISLEY CAKE CASES,0.010874200426439232,0.5483870967741935,8.350439882697946
PACK OF 60 DINOSAUR CAKE CASES|PACK OF 60 PINK PAISLEY CAKE CASES,PACK OF 72 RETRO SPOT CAKE CASES,0.010874200426439232,0.523972602739726,6.382938978829389
PACK OF 60 DINOSAUR CAKE CASES|PACK OF 72 SKULL CAKE CASES,PACK OF 60 PINK PAISLEY CAKE CASES,0.00867093105899076,0.5147679324894515,7.838511699271193
PACK OF 60 PINK PAISLEY CAKE CASES|PACK OF 72 SKULL CAKE CASES,PACK OF 60 DINOSAUR CAKE CASES,0.00867093105899076,0.5191489361702127,11.974468085106382
PACK OF 60 SPACEBOY CAKE CASES|PACK OF 72 SKULL CAKE CASES,PACK OF 60 DINOSAUR CAKE CASES,0.007178393745557924,0.5838150289017341,13.466028617454752
PACK OF 60 DINOSAUR CAKE CASES|PACK OF 72 SKULL CAKE CASES,PACK OF 72 RETRO SPOT CAKE CASES,0.009097370291400142,0.5400843881856541,6.57920981971615
PACK OF 60 MUSHROOM CAKE CASES|PACK OF 72 RETRO SPOT CAKE CASES,PACK OF 60 PINK PAISLEY CAKE CASES,0.0073916133617626155,0.5591397849462365,8.514173998044965
PACK OF 60 PINK PAISLEY CAKE CASES|PACK OF 60 SPACEBOY CAKE CASES,PACK OF 72 RETRO SPOT CAKE CASES,0.007320540156361052,0.5024390243902439,6.120620842572062
PACK OF 60 SPACEBOY CAKE CASES|PACK OF 72 RETRO SPOT CAKE CASES,PACK OF 60 PINK PAISLEY CAKE CASES,0.007320540156361052,0.5392670157068064,8.211565920990006
PLASTERS IN TIN CIRCUS PARADE|PLASTERS IN TIN SKULLS,PLASTERS IN TIN SPACEBOY,0.007604832977967307,0.601123595505618,13.910870047309286
PLASTERS IN TIN SPACEBOY|PLASTERS IN TIN STRONGMAN,PLASTERS IN TIN CIRCUS PARADE,0.009523809523809525,0.6836734693877552,16.03214285714286
PLASTERS IN TIN CIRCUS PARADE|PLASTERS IN TIN STRONGMAN,PLASTERS IN TIN SPACEBOY,0.009523809523809525,0.5726495726495727,13.251939946018895
PLASTERS IN TIN CIRCUS PARADE|PLASTERS IN TIN VINTAGE PAISLEY,PLASTERS IN TIN SPACEBOY,0.008315565031982943,0.6030927835051546,13.956439907759089
PLASTERS IN TIN SPACEBOY|PLASTERS IN TIN WOODLAND ANIMALS,PLASTERS IN TIN CIRCUS PARADE,0.010305614783226724,0.5272727272727273,12.364545454545457
PLASTERS IN TIN CIRCUS PARADE|PLASTERS IN TIN WOODLAND ANIMALS,PLASTERS IN TIN SPACEBOY,0.010305614783226724,0.5991735537190084,13.865743257938238
PLASTERS IN TIN CIRCUS PARADE|PLASTERS IN TIN SPACEBOY,PLASTERS IN TIN WOODLAND ANIMALS,0.010305614783226724,0.5034722222222222,13.315515350877194
PLASTERS IN TIN STRONGMAN|PLASTERS IN TIN WOODLAND ANIMALS,PLASTERS IN TIN CIRCUS PARADE,0.007320540156361052,0.6477987421383647,15.190880503144653
PLASTERS IN TIN SKULLS|PLASTERS IN TIN VINTAGE PAISLEY,PLASTERS IN TIN SPACEBOY,0.0073916133617626155,0.5279187817258884,12.216804702110608
PLASTERS IN TIN SKULLS|PLASTERS IN TIN WOODLAND ANIMALS,PLASTERS IN TIN SPACEBOY,0.00867093105899076,0.5809523809523809,13.44407894736842
PLASTERS IN TIN SKULLS|PLASTERS IN TIN SPACEBOY,PLASTERS IN TIN WOODLAND ANIMALS,0.00867093105899076,0.5674418604651162,15.00734394124847
PLASTERS IN TIN VINTAGE PAISLEY|PLASTERS IN TIN WOODLAND ANIMALS,PLASTERS IN TIN SPACEBOY,0.008031272210376687,0.5885416666666666,13.619706003289474
RED HANGING HEART T-LIGHT HOLDER|WOODEN FRAME ANTIQUE WHITE,WHITE HANGING HEART T-LIGHT HOLDER,0.00845771144278607,0.8814814814814814,4.270814202632384
RED HANGING HEART T-LIGHT HOLDER|WOODEN PICTURE FRAME WHITE FINISH,WHITE HANGING HEART T-LIGHT HOLDER,0.007960199004975124,0.8484848484848485,4.110944152266466
RED SPOTTY CHARLOTTE BAG|WOODLAND CHARLOTTE BAG,STRAWBERRY CHARLOTTE BAG,0.00845771144278607,0.53125,14.830729166666666
STRAWBERRY CHARLOTTE BAG|WOODLAND CHARLOTTE BAG,RED SPOTTY CHARLOTTE BAG,0.00845771144278607,0.6230366492146597,14.984830178547456
REGENCY CAKESTAND 3 TIER|STRAWBERRY CERAMIC TRINKET BOX,SWEETHEART CERAMIC TRINKET BOX,0.007249466950959489,0.6071428571428572,10.611801242236025
REGENCY CAKESTAND 3 TIER|SWEETHEART CERAMIC TRINKET BOX,STRAWBERRY CERAMIC TRINKET BOX,0.007249466950959489,0.7391304347826088,8.024355877616749
SWEETHEART CERAMIC TRINKET BOX|WHITE HANGING HEART T-LIGHT HOLDER,STRAWBERRY CERAMIC TRINKET BOX,0.011869225302061123,0.799043062200957,8.674796207690946
WHITE HANGING HEART T-LIGHT HOLDER|WOOD S/3 CABINET ANT WHITE FINISH,WOOD 2 DRAWER CABINET WHITE FINISH,0.012366737739872069,0.6105263157894737,14.86177381169186
WHITE HANGING HEART T-LIGHT HOLDER|WOOD 2 DRAWER CABINET WHITE FINISH,WOOD S/3 CABINET ANT WHITE FINISH,0.012366737739872069,0.6397058823529412,13.868508112027554
WOOD 2 DRAWER CABINET WHITE FINISH|WOODEN FRAME ANTIQUE WHITE,WHITE HANGING HEART T-LIGHT HOLDER,0.011584932480454868,0.5488215488215489,2.659063082616802
WHITE HANGING HEART T-LIGHT HOLDER|WOOD 2 DRAWER CABINET WHITE FINISH,WOODEN FRAME ANTIQUE WHITE,0.011584932480454868,0.5992647058823529,8.499651624762809
WOOD 2 DRAWER CABINET WHITE FINISH|WOODEN PICTURE FRAME WHITE FINISH,WHITE HANGING HEART T-LIGHT HOLDER,0.011087420042643924,0.5611510791366907,2.718800166478388
WHITE HANGING HEART T-LIGHT HOLDER|WOOD 2 DRAWER CABINET WHITE FINISH,WOODEN PICTURE FRAME WHITE FINISH,0.011087420042643924,0.5735294117647058,9.999453312923682
WOOD S/3 CABINET ANT WHITE FINISH|WOODEN FRAME ANTIQUE WHITE,WHITE HANGING HEART T-LIGHT HOLDER,0.011869225302061123,0.5318471337579618,2.5768213402116125
WHITE HANGING HEART T-LIGHT HOLDER|WOOD S/3 CABINET ANT WHITE FINISH,WOODEN FRAME ANTIQUE WHITE,0.011869225302061123,0.5859649122807018,8.311014431239391
WOOD S/3 CABINET ANT WHITE FINISH|WOODEN PICTURE FRAME WHITE FINISH,WHITE HANGING HEART T-LIGHT HOLDER,0.010518834399431415,0.5670498084291188,2.747379753649346
WHITE HANGING HEART T-LIGHT HOLDER|WOOD S/3 CABINET ANT WHITE FINISH,WOODEN PICTURE FRAME WHITE FINISH,0.010518834399431415,0.519298245614035,9.05393595512946
WHITE HANGING HEART T-LIGHT HOLDER|WOODEN FRAME ANTIQUE WHITE,WOODEN PICTURE FRAME WHITE FINISH,0.01954513148542999,0.6221719457013574,10.847533179700246
WHITE HANGING HEART T-LIGHT HOLDER|WOODEN PICTURE FRAME WHITE FINISH,WOODEN FRAME ANTIQUE WHITE,0.01954513148542999,0.7180156657963446,10.183952034026783
WOOD S/3 CABINET ANT WHITE FINISH|WOODEN FRAME ANTIQUE WHITE,WOOD 2 DRAWER CABINET WHITE FINISH,0.015920398009950248,0.7133757961783439,17.365393515967646
WOOD 2 DRAWER CABINET WHITE FINISH|WOODEN FRAME ANTIQUE WHITE,WOOD S/3 CABINET ANT WHITE FINISH,0.015920398009950248,0.7542087542087542,16.350873916359276
WOOD 2 DRAWER CABINET WHITE FINISH|WOOD S/3 CABINET ANT WHITE FINISH,WOODEN FRAME ANTIQUE WHITE,0.015920398009950248,0.6345609065155807,9.000274147857079
WOOD S/3 CABINET ANT WHITE FINISH|WOODEN PICTURE FRAME WHITE FINISH,WOOD 2 DRAWER CABINET WHITE FINISH,0.014783226723525231,0.7969348659003831,19.399435230481643
WOOD 2 DRAWER CABINET WHITE FINISH|WOODEN PICTURE FRAME WHITE FINISH,WOOD S/3 CABINET ANT WHITE FINISH,0.014783226723525231,0.7482014388489209,16.220638281362582
WOOD 2 DRAWER CABINET WHITE FINISH|WOOD S/3 CABINET ANT WHITE FINISH,WOODEN PICTURE FRAME WHITE FINISH,0.014783226723525231,0.5892351274787536,10.273281590614701
WOOD 2 DRAWER CABINET WHITE FINISH|WOODEN FRAME ANTIQUE WHITE,WOODEN PICTURE FRAME WHITE FINISH,0.01648898365316276,0.7811447811447813,13.61921570100009
WOOD 2 DRAWER CABINET WHITE FINISH|WOODEN PICTURE FRAME WHITE FINISH,WOODEN FRAME ANTIQUE WHITE,0.01648898365316276,0.8345323741007195,11.836563007658391
WOOD S/3 CABINET ANT WHITE FINISH|WOODEN FRAME ANTIQUE WHITE,WOODEN PICTURE FRAME WHITE FINISH,0.015920398009950248,0.7133757961783439,12.437667227049937
WOOD S/3 CABINET ANT WHITE FINISH|WOODEN PICTURE FRAME WHITE FINISH,WOODEN FRAME ANTIQUE WHITE,0.015920398009950248,0.8582375478927202,12.172784575454209
60 TEATIME FAIRY CAKE CASES|72 SWEETHEART FAIRY CAKE CASES|PACK OF 60 DINOSAUR CAKE CASES,PACK OF 60 PINK PAISLEY CAKE CASES,0.007604832977967307,0.6184971098265897,9.418024172359434
60 TEATIME FAIRY CAKE CASES|72 SWEETHEART FAIRY CAKE CASES|PACK OF 60 PINK PAISLEY CAKE CASES,PACK OF 60 DINOSAUR CAKE CASES,0.007604832977967307,0.5169082125603864,11.92278450938465
60 TEATIME FAIRY CAKE CASES|PACK OF 60 DINOSAUR CAKE CASES|PACK OF 60 PINK PAISLEY CAKE CASES,72 SWEETHEART FAIRY CAKE CASES,0.007604832977967307,0.5459183673469388,11.180598877105428
72 SWEETHEART FAIRY CAKE CASES|PACK OF 60 DINOSAUR CAKE CASES|PACK OF 60 PINK PAISLEY CAKE CASES,60 TEATIME FAIRY CAKE CASES,0.007604832977967307,0.7753623188405797,9.62872711922944
60 TEATIME FAIRY CAKE CASES|PACK OF 60 DINOSAUR CAKE CASES|PACK OF 72 RETRO SPOT CAKE CASES,72 SWEETHEART FAIRY CAKE CASES,0.007320540156361052,0.544973544973545,11.161248584829371
60 TEATIME FAIRY CAKE CASES|72 SWEETHEART FAIRY CAKE CASES|PACK OF 72 RETRO SPOT CAKE CASES,PACK OF 60 DINOSAUR CAKE CASES,0.007320540156361052,0.5628415300546449,12.982262832571891
60 TEATIME FAIRY CAKE CASES|72 SWEETHEART FAIRY CAKE CASES|PACK OF 60 DINOSAUR CAKE CASES,PACK OF 72 RETRO SPOT CAKE CASES,0.007320540156361052,0.5953757225433527,7.252758801891751
72 SWEETHEART FAIRY CAKE CASES|PACK OF 60 DINOSAUR CAKE CASES|PACK OF 72 RETRO SPOT CAKE CASES,60 TEATIME FAIRY CAKE CASES,0.007320540156361052,0.8174603174603174,10.15151515151515
60 TEATIME FAIRY CAKE CASES|72 SWEETHEART FAIRY CAKE CASES|PACK OF 72 RETRO SPOT CAKE CASES,PACK OF 60 PINK PAISLEY CAKE CASES,0.008173418621179816,0.6284153005464482,9.569051167411825
60 TEATIME FAIRY CAKE CASES|72 SWEETHEART FAIRY CAKE CASES|PACK OF 60 PINK PAISLEY CAKE CASES,PACK OF 72 RETRO SPOT CAKE CASES,0.008173418621179816,0.5555555555555556,6.767676767676768
72 SWEETHEART FAIRY CAKE CASES|PACK OF 60 PINK PAISLEY CAKE CASES|PACK OF 72 RETRO SPOT CAKE CASES,60 TEATIME FAIRY CAKE CASES,0.008173418621179816,0.7516339869281047,9.334060190713533
60 TEATIME FAIRY CAKE CASES|PACK OF 60 DINOSAUR CAKE CASES|PACK OF 72 RETRO SPOT CAKE CASES,PACK OF 60 PINK PAISLEY CAKE CASES,0.007960199004975124,0.5925925925925926,9.023569023569022
60 TEATIME FAIRY CAKE CASES|PACK OF 60 DINOSAUR CAKE CASES|PACK OF 60 PINK PAISLEY CAKE CASES,PACK OF 72 RETRO SPOT CAKE CASES,0.007960199004975124,0.5714285714285714,6.961038961038961
PACK OF 60 DINOSAUR CAKE CASES|PACK OF 60 PINK PAISLEY CAKE CASES|PACK OF 72 RETRO SPOT CAKE CASES,60 TEATIME FAIRY CAKE CASES,0.007960199004975124,0.7320261437908496,9.090562968347092
LUNCH BAG  BLACK SKULL.|LUNCH BAG CARS BLUE|LUNCH BAG WOODLAND,LUNCH BAG RED SPOTTY,0.007533759772565742,0.5520833333333334,7.355883049242425
LUNCH BAG  BLACK SKULL.|LUNCH BAG RED SPOTTY|LUNCH BAG WOODLAND,LUNCH BAG CARS BLUE,0.007533759772565742,0.6309523809523809,10.481109799291618
LUNCH BAG  BLACK SKULL.|LUNCH BAG CARS BLUE|LUNCH BAG RED SPOTTY,LUNCH BAG WOODLAND,0.007533759772565742,0.654320987654321,11.742724867724867
LUNCH BAG CARS BLUE|LUNCH BAG RED SPOTTY|LUNCH BAG WOODLAND,LUNCH BAG  BLACK SKULL.,0.007533759772565742,0.5698924731182795,8.326466351790438
LUNCH BAG  BLACK SKULL.|LUNCH BAG CARS BLUE|LUNCH BAG SUKI  DESIGN,LUNCH BAG SPACEBOY DESIGN,0.008528784648187633,0.6521739130434782,10.09470512268618
LUNCH BAG  BLACK SKULL.|LUNCH BAG SPACEBOY DESIGN|LUNCH BAG SUKI  DESIGN,LUNCH BAG CARS BLUE,0.008528784648187633,0.5714285714285714,9.49232585596222
LUNCH BAG  BLACK SKULL.|LUNCH BAG CARS BLUE|LUNCH BAG SPACEBOY DESIGN,LUNCH BAG SUKI  DESIGN,0.008528784648187633,0.7453416149068323,11.015710632078918
LUNCH BAG CARS BLUE|LUNCH BAG SPACEBOY DESIGN|LUNCH BAG SUKI  DESIGN,LUNCH BAG  BLACK SKULL.,0.008528784648187633,0.5529953917050691,8.07958999095568
LUNCH BAG  BLACK SKULL.|LUNCH BAG CARS BLUE|LUNCH BAG WOODLAND,LUNCH BAG SPACEBOY DESIGN,0.00788912579957356,0.578125,8.948535478547855
LUNCH BAG  BLACK SKULL.|LUNCH BAG SPACEBOY DESIGN|LUNCH BAG WOODLAND,LUNCH BAG CARS BLUE,0.00788912579957356,0.6098901098901099,10.131232403959677
LUNCH BAG  BLACK SKULL.|LUNCH BAG CARS BLUE|LUNCH BAG SPACEBOY DESIGN,LUNCH BAG WOODLAND,0.00788912579957356,0.6894409937888198,12.373003549245784
LUNCH BAG CARS BLUE|LUNCH BAG SPACEBOY DESIGN|LUNCH BAG WOODLAND,LUNCH BAG  BLACK SKULL.,0.00788912579957356,0.6271186440677966,9.162574581551295
LUNCH BAG  BLACK SKULL.|LUNCH BAG SUKI  DESIGN|LUNCH BAG WOODLAND,LUNCH BAG CARS BLUE,0.00810234541577825,0.6551724137931033,10.883442576232543
LUNCH BAG  BLACK SKULL.|LUNCH BAG CARS BLUE|LUNCH BAG SUKI  DESIGN,LUNCH BAG WOODLAND,0.00810234541577825,0.6195652173913042,11.118982919254655
LUNCH BAG  BLACK SKULL.|LUNCH BAG CARS BLUE|LUNCH BAG WOODLAND,LUNCH BAG SUKI  DESIGN,0.00810234541577825,0.59375,8.775275735294118
LUNCH BAG CARS BLUE|LUNCH BAG SUKI  DESIGN|LUNCH BAG WOODLAND,LUNCH BAG  BLACK SKULL.,0.00810234541577825,0.6229508196721312,9.101680200194066
LUNCH BAG  BLACK SKULL.|LUNCH BAG PINK RETROSPOT|LUNCH BAG SPACEBOY DESIGN,LUNCH BAG RED SPOTTY,0.008315565031982943,0.6964285714285714,9.279119318181818
LUNCH BAG  BLACK SKULL.|LUNCH BAG PINK RETROSPOT|LUNCH BAG RED SPOTTY,LUNCH BAG SPACEBOY DESIGN,0.008315565031982943,0.6223404255319149,9.632926058563305
LUNCH BAG  BLACK SKULL.|LUNCH BAG RED SPOTTY|LUNCH BAG SPACEBOY DESIGN,LUNCH BAG PINK RETROSPOT,0.008315565031982943,0.6536312849162011,12.66748233990489
LUNCH BAG PINK RETROSPOT|LUNCH BAG RED SPOTTY|LUNCH BAG SPACEBOY DESIGN,LUNCH BAG  BLACK SKULL.,0.008315565031982943,0.6536312849162011,9.549939957186863
LUNCH BAG  BLACK SKULL.|LUNCH BAG PINK RETROSPOT|LUNCH BAG SUKI  DESIGN,LUNCH BAG RED SPOTTY,0.008173418621179816,0.7142857142857144,9.517045454545457
LUNCH BAG  BLACK SKULL.|LUNCH BAG RED SPOTTY|LUNCH BAG SUKI  DESIGN,LUNCH BAG PINK RETROSPOT,0.008173418621179816,0.6927710843373495,13.426018122075078
LUNCH BAG  BLACK SKULL.|LUNCH BAG PINK RETROSPOT|LUNCH BAG RED SPOTTY,LUNCH BAG SUKI  DESIGN,0.008173418621179816,0.6117021276595745,9.040597622027535
LUNCH BAG PINK RETROSPOT|LUNCH BAG RED SPOTTY|LUNCH BAG SUKI  DESIGN,LUNCH BAG  BLACK SKULL.,0.008173418621179816,0.5637254901960784,8.236363081057968
LUNCH BAG  BLACK SKULL.|LUNCH BAG PINK RETROSPOT|LUNCH BAG WOODLAND,LUNCH BAG RED SPOTTY,0.00767590618336887,0.7397260273972602,9.856008717310088
LUNCH BAG  BLACK SKULL.|LUNCH BAG RED SPOTTY|LUNCH BAG WOODLAND,LUNCH BAG PINK RETROSPOT,0.00767590618336887,0.6428571428571429,12.458677685950414
LUNCH BAG  BLACK SKULL.|LUNCH BAG PINK RETROSPOT|LUNCH BAG RED SPOTTY,LUNCH BAG WOODLAND,0.00767590618336887,0.574468085106383,10.309650455927052
LUNCH BAG PINK RETROSPOT|LUNCH BAG RED SPOTTY|LUNCH BAG WOODLAND,LUNCH BAG  BLACK SKULL.,0.00767590618336887,0.5901639344262296,8.622644400183852
LUNCH BAG  BLACK SKULL.|LUNCH BAG PINK RETROSPOT|LUNCH BAG SUKI  DESIGN,LUNCH BAG SPACEBOY DESIGN,0.008173418621179816,0.7142857142857144,11.056105610561058
LUNCH BAG  BLACK SKULL.|LUNCH BAG SPACEBOY DESIGN|LUNCH BAG SUKI  DESIGN,LUNCH BAG PINK RETROSPOT,0.008173418621179816,0.5476190476190477,10.612947658402204
LUNCH BAG  BLACK SKULL.|LUNCH BAG PINK RETROSPOT|LUNCH BAG SPACEBOY DESIGN,LUNCH BAG SUKI  DESIGN,0.008173418621179816,0.6845238095238095,10.11685924369748
LUNCH BAG PINK RETROSPOT|LUNCH BAG SPACEBOY DESIGN|LUNCH BAG SUKI  DESIGN,LUNCH BAG  BLACK SKULL.,0.008173418621179816,0.6020942408376964,8.796953238407463
LUNCH BAG  BLACK SKULL.|LUNCH BAG SPACEBOY DESIGN|LUNCH BAG SUKI  DESIGN,LUNCH BAG RED SPOTTY,0.007533759772565742,0.5047619047619047,6.725378787878788
LUNCH BAG  BLACK SKULL.|LUNCH BAG RED SPOTTY|LUNCH BAG SUKI  DESIGN,LUNCH BAG SPACEBOY DESIGN,0.007533759772565742,0.6385542168674698,9.883892003658197
LUNCH BAG  BLACK SKULL.|LUNCH BAG RED SPOTTY|LUNCH BAG SPACEBOY DESIGN,LUNCH BAG SUKI  DESIGN,0.007533759772565742,0.5921787709497206,8.752053894183371
LUNCH BAG RED SPOTTY|LUNCH BAG SPACEBOY DESIGN|LUNCH BAG SUKI  DESIGN,LUNCH BAG  BLACK SKULL.,0.007533759772565742,0.5578947368421052,8.151172323331693
LUNCH BAG  BLACK SKULL.|LUNCH BAG SUKI  DESIGN|LUNCH BAG WOODLAND,LUNCH BAG SPACEBOY DESIGN,0.00923951670220327,0.7471264367816092,11.564432305299496
LUNCH BAG  BLACK SKULL.|LUNCH BAG SPACEBOY DESIGN|LUNCH BAG SUKI  DESIGN,LUNCH BAG WOODLAND,0.00923951670220327,0.6190476190476191,11.10969387755102
LUNCH BAG  BLACK SKULL.|LUNCH BAG SPACEBOY DESIGN|LUNCH BAG WOODLAND,LUNCH BAG SUKI  DESIGN,0.00923951670220327,0.7142857142857143,10.556722689075631
LUNCH BAG SPACEBOY DESIGN|LUNCH BAG SUKI  DESIGN|LUNCH BAG WOODLAND,LUNCH BAG  BLACK SKULL.,0.00923951670220327,0.6403940886699507,9.356536684928562
LUNCH BAG CARS BLUE|LUNCH BAG PINK RETROSPOT|LUNCH BAG SPACEBOY DESIGN,LUNCH BAG RED SPOTTY,0.0073916133617626155,0.6753246753246753,8.997933884297522
LUNCH BAG CARS BLUE|LUNCH BAG PINK RETROSPOT|LUNCH BAG RED SPOTTY,LUNCH BAG SPACEBOY DESIGN,0.0073916133617626155,0.574585635359116,8.893751253578396
LUNCH BAG CARS BLUE|LUNCH BAG RED SPOTTY|LUNCH BAG SPACEBOY DESIGN,LUNCH BAG PINK RETROSPOT,0.0073916133617626155,0.7074829931972789,13.711137347500983
LUNCH BAG PINK RETROSPOT|LUNCH BAG RED SPOTTY|LUNCH BAG SPACEBOY DESIGN,LUNCH BAG CARS BLUE,0.0073916133617626155,0.5810055865921788,9.651415116118011
LUNCH BAG CARS BLUE|LUNCH BAG PINK RETROSPOT|LUNCH BAG SUKI  DESIGN,LUNCH BAG RED SPOTTY,0.00788912579957356,0.6727272727272726,8.963326446280991
LUNCH BAG CARS BLUE|LUNCH BAG RED SPOTTY|LUNCH BAG SUKI  DESIGN,LUNCH BAG PINK RETROSPOT,0.00788912579957356,0.6491228070175439,12.580107293025954
LUNCH BAG PINK RETROSPOT|LUNCH BAG RED SPOTTY|LUNCH BAG SUKI  DESIGN,LUNCH BAG CARS BLUE,0.00788912579957356,0.5441176470588235,9.038648517258142
LUNCH BAG CARS BLUE|LUNCH BAG PINK RETROSPOT|LUNCH BAG RED SPOTTY,LUNCH BAG SUKI  DESIGN,0.00788912579957356,0.6132596685082873,9.063617159571011
LUNCH BAG CARS BLUE|LUNCH BAG PINK RETROSPOT|LUNCH BAG WOODLAND,LUNCH BAG RED SPOTTY,0.007818052594171997,0.7482993197278911,9.970238095238095
LUNCH BAG CARS BLUE|LUNCH BAG RED SPOTTY|LUNCH BAG WOODLAND,LUNCH BAG PINK RETROSPOT,0.007818052594171997,0.5913978494623655,11.461388074291298
LUNCH BAG CARS BLUE|LUNCH BAG PINK RETROSPOT|LUNCH BAG RED SPOTTY,LUNCH BAG WOODLAND,0.007818052594171997,0.6077348066298343,10.906669297553275
LUNCH BAG PINK RETROSPOT|LUNCH BAG RED SPOTTY|LUNCH BAG WOODLAND,LUNCH BAG CARS BLUE,0.007818052594171997,0.6010928961748634,9.985096870342772
LUNCH BAG CARS BLUE|LUNCH BAG PINK RETROSPOT|LUNCH BAG SUKI  DESIGN,LUNCH BAG SPACEBOY DESIGN,0.00845771144278607,0.7212121212121212,11.163316331633164
LUNCH BAG CARS BLUE|LUNCH BAG SPACEBOY DESIGN|LUNCH BAG SUKI  DESIGN,LUNCH BAG PINK RETROSPOT,0.00845771144278607,0.5483870967741935,10.627832577979204
LUNCH BAG PINK RETROSPOT|LUNCH BAG SPACEBOY DESIGN|LUNCH BAG SUKI  DESIGN,LUNCH BAG CARS BLUE,0.00845771144278607,0.6230366492146597,10.349617065466662
LUNCH BAG CARS BLUE|LUNCH BAG PINK RETROSPOT|LUNCH BAG SPACEBOY DESIGN,LUNCH BAG SUKI  DESIGN,0.00845771144278607,0.7727272727272727,11.420454545454545
LUNCH BAG CARS BLUE|LUNCH BAG SPACEBOY DESIGN|LUNCH BAG SUKI  DESIGN,LUNCH BAG RED SPOTTY,0.007960199004975124,0.5161290322580645,6.87683284457478
LUNCH BAG CARS BLUE|LUNCH BAG RED SPOTTY|LUNCH BAG SUKI  DESIGN,LUNCH BAG SPACEBOY DESIGN,0.007960199004975124,0.6549707602339181,10.137996255765927
LUNCH BAG RED SPOTTY|LUNCH BAG SPACEBOY DESIGN|LUNCH BAG SUKI  DESIGN,LUNCH BAG CARS BLUE,0.007960199004975124,0.5894736842105263,9.792083514571551
LUNCH BAG CARS BLUE|LUNCH BAG RED SPOTTY|LUNCH BAG SPACEBOY DESIGN,LUNCH BAG SUKI  DESIGN,0.007960199004975124,0.7619047619047619,11.260504201680671
LUNCH BAG CARS BLUE|LUNCH BAG SUKI  DESIGN|LUNCH BAG WOODLAND,LUNCH BAG RED SPOTTY,0.007249466950959489,0.5573770491803279,7.426415797317438
LUNCH BAG RED SPOTTY|LUNCH BAG SUKI  DESIGN|LUNCH BAG WOODLAND,LUNCH BAG CARS BLUE,0.007249466950959489,0.6107784431137725,10.145989013708121
LUNCH BAG CARS BLUE|LUNCH BAG RED SPOTTY|LUNCH BAG SUKI  DESIGN,LUNCH BAG WOODLAND,0.007249466950959489,0.5964912280701755,10.704887218045114
LUNCH BAG CARS BLUE|LUNCH BAG RED SPOTTY|LUNCH BAG WOODLAND,LUNCH BAG SUKI  DESIGN,0.007249466950959489,0.5483870967741935,8.104838709677418
LUNCH BAG CARS BLUE|LUNCH BAG SUKI  DESIGN|LUNCH BAG WOODLAND,LUNCH BAG SPACEBOY DESIGN,0.009523809523809525,0.7322404371584701,11.334018647766419
LUNCH BAG SPACEBOY DESIGN|LUNCH BAG SUKI  DESIGN|LUNCH BAG WOODLAND,LUNCH BAG CARS BLUE,0.009523809523809525,0.6600985221674878,10.965272971542566
LUNCH BAG CARS BLUE|LUNCH BAG SPACEBOY DESIGN|LUNCH BAG SUKI  DESIGN,LUNCH BAG WOODLAND,0.009523809523809525,0.6175115207373273,11.082126398946677
LUNCH BAG CARS BLUE|LUNCH BAG SPACEBOY DESIGN|LUNCH BAG WOODLAND,LUNCH BAG SUKI  DESIGN,0.009523809523809525,0.7570621468926554,11.188933200398804
LUNCH BAG PINK RETROSPOT|LUNCH BAG SPACEBOY DESIGN|LUNCH BAG SUKI  DESIGN,LUNCH BAG RED SPOTTY,0.00845771144278607,0.6230366492146597,8.301255354593051
LUNCH BAG PINK RETROSPOT|LUNCH BAG RED SPOTTY|LUNCH BAG SUKI  DESIGN,LUNCH BAG SPACEBOY DESIGN,0.00845771144278607,0.5833333333333333,9.029152915291528
LUNCH BAG RED SPOTTY|LUNCH BAG SPACEBOY DESIGN|LUNCH BAG SUKI  DESIGN,LUNCH BAG PINK RETROSPOT,0.00845771144278607,0.6263157894736843,12.138103523270988
LUNCH BAG PINK RETROSPOT|LUNCH BAG RED SPOTTY|LUNCH BAG SPACEBOY DESIGN,LUNCH BAG SUKI  DESIGN,0.00845771144278607,0.664804469273743,9.825418994413408
LUNCH BAG PINK RETROSPOT|LUNCH BAG SPACEBOY DESIGN|LUNCH BAG WOODLAND,LUNCH BAG RED SPOTTY,0.007746979388770434,0.7414965986394557,9.879599567099566
LUNCH BAG PINK RETROSPOT|LUNCH BAG RED SPOTTY|LUNCH BAG WOODLAND,LUNCH BAG SPACEBOY DESIGN,0.007746979388770434,0.5956284153005464,9.219462929899548
LUNCH BAG RED SPOTTY|LUNCH BAG SPACEBOY DESIGN|LUNCH BAG WOODLAND,LUNCH BAG PINK RETROSPOT,0.007746979388770434,0.6942675159235668,13.455019213560034
LUNCH BAG PINK RETROSPOT|LUNCH BAG RED SPOTTY|LUNCH BAG SPACEBOY DESIGN,LUNCH BAG WOODLAND,0.007746979388770434,0.6089385474860335,10.928272146847565
LUNCH BAG PINK RETROSPOT|LUNCH BAG SUKI  DESIGN|LUNCH BAG WOODLAND,LUNCH BAG RED SPOTTY,0.008386638237384506,0.7662337662337662,10.209194214876032
LUNCH BAG RED SPOTTY|LUNCH BAG SUKI  DESIGN|LUNCH BAG WOODLAND,LUNCH BAG PINK RETROSPOT,0.008386638237384506,0.7065868263473054,13.693769485821745
LUNCH BAG PINK RETROSPOT|LUNCH BAG RED SPOTTY|LUNCH BAG SUKI  DESIGN,LUNCH BAG WOODLAND,0.008386638237384506,0.5784313725490196,10.380777310924369
LUNCH BAG PINK RETROSPOT|LUNCH BAG RED SPOTTY|LUNCH BAG WOODLAND,LUNCH BAG SUKI  DESIGN,0.008386638237384506,0.644808743169399,9.529893924783028
LUNCH BAG PINK RETROSPOT|LUNCH BAG SUKI  DESIGN|LUNCH BAG WOODLAND,LUNCH BAG SPACEBOY DESIGN,0.00767590618336887,0.7012987012987013,10.855085508550856
LUNCH BAG SPACEBOY DESIGN|LUNCH BAG SUKI  DESIGN|LUNCH BAG WOODLAND,LUNCH BAG PINK RETROSPOT,0.00767590618336887,0.5320197044334976,10.31062980906241
LUNCH BAG PINK RETROSPOT|LUNCH BAG SPACEBOY DESIGN|LUNCH BAG SUKI  DESIGN,LUNCH BAG WOODLAND,0.00767590618336887,0.5654450261780105,10.147718773373224
LUNCH BAG PINK RETROSPOT|LUNCH BAG SPACEBOY DESIGN|LUNCH BAG WOODLAND,LUNCH BAG SUKI  DESIGN,0.00767590618336887,0.7346938775510204,10.858343337334935
LUNCH BAG SPACEBOY DESIGN|LUNCH BAG SUKI  DESIGN|LUNCH BAG WOODLAND,LUNCH BAG RED SPOTTY,0.007604832977967307,0.5270935960591133,7.0229231974921635
LUNCH BAG RED SPOTTY|LUNCH BAG SUKI  DESIGN|LUNCH BAG WOODLAND,LUNCH BAG SPACEBOY DESIGN,0.007604832977967307,0.6407185628742516,9.917392936898482
LUNCH BAG RED SPOTTY|LUNCH BAG SPACEBOY DESIGN|LUNCH BAG SUKI  DESIGN,LUNCH BAG WOODLAND,0.007604832977967307,0.5631578947368422,10.106672932330829
LUNCH BAG RED SPOTTY|LUNCH BAG SPACEBOY DESIGN|LUNCH BAG WOODLAND,LUNCH BAG SUKI  DESIGN,0.007604832977967307,0.6815286624203821,10.072592731360059
WHITE HANGING HEART T-LIGHT HOLDER|WOOD S/3 CABINET ANT WHITE FINISH|WOODEN FRAME ANTIQUE WHITE,WOOD 2 DRAWER CABINET WHITE FINISH,0.009310589907604833,0.7844311377245509,19.09506247021528
WHITE HANGING HEART T-LIGHT HOLDER|WOOD 2 DRAWER CABINET WHITE FINISH|WOODEN FRAME ANTIQUE WHITE,WOOD S/3 CABINET ANT WHITE FINISH,0.009310589907604833,0.803680981595092,17.42340741300916
WOOD 2 DRAWER CABINET WHITE FINISH|WOOD S/3 CABINET ANT WHITE FINISH|WOODEN FRAME ANTIQUE WHITE,WHITE HANGING HEART T-LIGHT HOLDER,0.009310589907604833,0.5848214285714286,2.833483987603306
WHITE HANGING HEART T-LIGHT HOLDER|WOOD 2 DRAWER CABINET WHITE FINISH|WOOD S/3 CABINET ANT WHITE FINISH,WOODEN FRAME ANTIQUE WHITE,0.009310589907604833,0.7528735632183907,10.678357897664071
WHITE HANGING HEART T-LIGHT HOLDER|WOOD S/3 CABINET ANT WHITE FINISH|WOODEN PICTURE FRAME WHITE FINISH,WOOD 2 DRAWER CABINET WHITE FINISH,0.00867093105899076,0.8243243243243242,20.06616478069765
WHITE HANGING HEART T-LIGHT HOLDER|WOOD 2 DRAWER CABINET WHITE FINISH|WOODEN PICTURE FRAME WHITE FINISH,WOOD S/3 CABINET ANT WHITE FINISH,0.00867093105899076,0.7820512820512819,16.954486191774325
WOOD 2 DRAWER CABINET WHITE FINISH|WOOD S/3 CABINET ANT WHITE FINISH|WOODEN PICTURE FRAME WHITE FINISH,WHITE HANGING HEART T-LIGHT HOLDER,0.00867093105899076,0.5865384615384615,2.8418030832803556
WHITE HANGING HEART T-LIGHT HOLDER|WOOD 2 DRAWER CABINET WHITE FINISH|WOOD S/3 CABINET ANT WHITE FINISH,WOODEN PICTURE FRAME WHITE FINISH,0.00867093105899076,0.7011494252873562,12.22450113233346
WOOD 2 DRAWER CABINET WHITE FINISH|WOODEN FRAME ANTIQUE WHITE|WOODEN PICTURE FRAME WHITE FINISH,WHITE HANGING HEART T-LIGHT HOLDER,0.009737029140014215,0.5905172413793103,2.861080436021658
WHITE HANGING HEART T-LIGHT HOLDER|WOOD 2 DRAWER CABINET WHITE FINISH|WOODEN FRAME ANTIQUE WHITE,WOODEN PICTURE FRAME WHITE FINISH,0.009737029140014215,0.8404907975460123,14.653910187698132
WHITE HANGING HEART T-LIGHT HOLDER|WOOD 2 DRAWER CABINET WHITE FINISH|WOODEN PICTURE FRAME WHITE FINISH,WOODEN FRAME ANTIQUE WHITE,0.009737029140014215,0.8782051282051282,12.455994106699753
WHITE HANGING HEART T-LIGHT HOLDER|WOOD 2 DRAWER CABINET WHITE FINISH,WOODEN FRAME ANTIQUE WHITE|WOODEN PICTURE FRAME WHITE FINISH,0.009737029140014215,0.5036764705882353,12.79192769165428
WOOD S/3 CABINET ANT WHITE FINISH|WOODEN FRAME ANTIQUE WHITE|WOODEN PICTURE FRAME WHITE FINISH,WHITE HANGING HEART T-LIGHT HOLDER,0.008884150675195452,0.5580357142857144,2.7037060950413228
WHITE HANGING HEART T-LIGHT HOLDER|WOOD S/3 CABINET ANT WHITE FINISH|WOODEN FRAME ANTIQUE WHITE,WOODEN PICTURE FRAME WHITE FINISH,0.008884150675195452,0.7485029940119761,13.050107962513636
WHITE HANGING HEART T-LIGHT HOLDER|WOOD S/3 CABINET ANT WHITE FINISH|WOODEN PICTURE FRAME WHITE FINISH,WOODEN FRAME ANTIQUE WHITE,0.008884150675195452,0.8445945945945946,11.97928018744551
WOOD S/3 CABINET ANT WHITE FINISH|WOODEN FRAME ANTIQUE WHITE|WOODEN PICTURE FRAME WHITE FINISH,WOOD 2 DRAWER CABINET WHITE FINISH,0.01357498223169865,0.8526785714285715,20.75637975778547
WOOD 2 DRAWER CABINET WHITE FINISH|WOODEN FRAME ANTIQUE WHITE|WOODEN PICTURE FRAME WHITE FINISH,WOOD S/3 CABINET ANT WHITE FINISH,0.01357498223169865,0.8232758620689654,17.848214760108387
WOOD 2 DRAWER CABINET WHITE FINISH|WOOD S/3 CABINET ANT WHITE FINISH|WOODEN FRAME ANTIQUE WHITE,WOODEN PICTURE FRAME WHITE FINISH,0.01357498223169865,0.8526785714285715,14.866403345724908
WOOD 2 DRAWER CABINET WHITE FINISH|WOOD S/3 CABINET ANT WHITE FINISH|WOODEN PICTURE FRAME WHITE FINISH,WOODEN FRAME ANTIQUE WHITE,0.01357498223169865,0.9182692307692307,13.024242013027296
WOOD S/3 CABINET ANT WHITE FINISH|WOODEN FRAME ANTIQUE WHITE,WOOD 2 DRAWER CABINET WHITE FINISH|WOODEN PICTURE FRAME WHITE FINISH,0.01357498223169865,0.60828025477707,30.785982678825093
WOOD 2 DRAWER CABINET WHITE FINISH|WOODEN FRAME ANTIQUE WHITE,WOOD S/3 CABINET ANT WHITE FINISH|WOODEN PICTURE FRAME WHITE FINISH,0.01357498223169865,0.6430976430976432,34.66813731181547
WOOD S/3 CABINET ANT WHITE FINISH|WOODEN PICTURE FRAME WHITE FINISH,WOOD 2 DRAWER CABINET WHITE FINISH|WOODEN FRAME ANTIQUE WHITE,0.01357498223169865,0.7318007662835249,34.66813731181547
WOOD 2 DRAWER CABINET WHITE FINISH|WOODEN PICTURE FRAME WHITE FINISH,WOOD S/3 CABINET ANT WHITE FINISH|WOODEN FRAME ANTIQUE WHITE,0.01357498223169865,0.6870503597122302,30.78598267882509
WOOD 2 DRAWER CABINET WHITE FINISH|WOOD S/3 CABINET ANT WHITE FINISH,WOODEN FRAME ANTIQUE WHITE|WOODEN PICTURE FRAME WHITE FINISH,0.01357498223169865,0.5410764872521246,13.74178010042851
WOOD 2 DRAWER CABINET WHITE FINISH|WOOD S/3 CABINET ANT WHITE FINISH|WOODEN FRAME ANTIQUE WHITE|WOODEN PICTURE FRAME WHITE FINISH,WHITE HANGING HEART T-LIGHT HOLDER,0.00810234541577825,0.5968586387434555,2.891804768292155
WHITE HANGING HEART T-LIGHT HOLDER|WOOD 2 DRAWER CABINET WHITE FINISH|WOOD S/3 CABINET ANT WHITE FINISH|WOODEN PICTURE FRAME WHITE FINISH,WOODEN FRAME ANTIQUE WHITE,0.00810234541577825,0.9344262295081966,13.253404283447912
WHITE HANGING HEART T-LIGHT HOLDER|WOOD 2 DRAWER CABINET WHITE FINISH|WOODEN FRAME ANTIQUE WHITE|WOODEN PICTURE FRAME WHITE FINISH,WOOD S/3 CABINET ANT WHITE FINISH,0.00810234541577825,0.8321167883211678,18.03988168209373
WHITE HANGING HEART T-LIGHT HOLDER|WOOD S/3 CABINET ANT WHITE FINISH|WOODEN FRAME ANTIQUE WHITE|WOODEN PICTURE FRAME WHITE FINISH,WOOD 2 DRAWER CABINET WHITE FINISH,0.00810234541577825,0.9119999999999998,22.200415224913492
WHITE HANGING HEART T-LIGHT HOLDER|WOOD 2 DRAWER CABINET WHITE FINISH|WOOD S/3 CABINET ANT WHITE FINISH|WOODEN FRAME ANTIQUE WHITE,WOODEN PICTURE FRAME WHITE FINISH,0.00810234541577825,0.8702290076335877,15.172394222310507
WOOD 2 DRAWER CABINET WHITE FINISH|WOOD S/3 CABINET ANT WHITE FINISH|WOODEN PICTURE FRAME WHITE FINISH,WHITE HANGING HEART T-LIGHT HOLDER|WOODEN FRAME ANTIQUE WHITE,0.00810234541577825,0.548076923076923,17.446702053602504
WHITE HANGING HEART T-LIGHT HOLDER|WOOD 2 DRAWER CABINET WHITE FINISH|WOODEN PICTURE FRAME WHITE FINISH,WOOD S/3 CABINET ANT WHITE FINISH|WOODEN FRAME ANTIQUE WHITE,0.00810234541577825,0.7307692307692306,32.74497795198431
WOOD S/3 CABINET ANT WHITE FINISH|WOODEN FRAME ANTIQUE WHITE|WOODEN PICTURE FRAME WHITE FINISH,WHITE HANGING HEART T-LIGHT HOLDER|WOOD 2 DRAWER CABINET WHITE FINISH,0.00810234541577825,0.5089285714285714,26.32582720588235
WHITE HANGING HEART T-LIGHT HOLDER|WOOD S/3 CABINET ANT WHITE FINISH|WOODEN PICTURE FRAME WHITE FINISH,WOOD 2 DRAWER CABINET WHITE FINISH|WOODEN FRAME ANTIQUE WHITE,0.00810234541577825,0.7702702702702702,36.49058149058149
WOOD 2 DRAWER CABINET WHITE FINISH|WOOD S/3 CABINET ANT WHITE FINISH|WOODEN FRAME ANTIQUE WHITE,WHITE HANGING HEART T-LIGHT HOLDER|WOODEN PICTURE FRAME WHITE FINISH,0.00810234541577825,0.5089285714285714,18.696148825065272
WHITE HANGING HEART T-LIGHT HOLDER|WOOD 2 DRAWER CABINET WHITE FINISH|WOOD S/3 CABINET ANT WHITE FINISH,WOODEN FRAME ANTIQUE WHITE|WOODEN PICTURE FRAME WHITE FINISH,0.00810234541577825,0.6551724137931033,16.63948711564795
WHITE HANGING HEART T-LIGHT HOLDER|WOOD 2 DRAWER CABINET WHITE FINISH|WOODEN FRAME ANTIQUE WHITE,WOOD S/3 CABINET ANT WHITE FINISH|WOODEN PICTURE FRAME WHITE FINISH,0.00810234541577825,0.6993865030674846,37.70255976306325
WHITE HANGING HEART T-LIGHT HOLDER|WOOD S/3 CABINET ANT WHITE FINISH|WOODEN FRAME ANTIQUE WHITE,WOOD 2 DRAWER CABINET WHITE FINISH|WOODEN PICTURE FRAME WHITE FINISH,0.00810234541577825,0.6826347305389221,34.549175031232494
