Itemset,Support,Support_Count,Size
ASSORTED COLOUR BIRD ORNAMENT,0.09125799573560768,1284,1
HOME BUILDING BLOCK WORD,0.08208955223880597,1155,1
LOVE BUILDING BLOCK WORD,0.06673773987206823,939,1
SCOTTIE DOG HOT WATER BOTTLE,0.06069651741293532,854,1
HEART IVORY TRELLIS LARGE,0.03404406538734897,479,1
HEART FILIGREE DOVE LARGE,0.029637526652452027,417,1
CHOCOLATE HOT WATER BOTTLE,0.05621890547263682,791,1
HANGING HEART ZINC T-LIGHT HOLDER,0.051741293532338306,728,1
PINK BLUE FELT CRAFT TRINKET BOX,0.03994314143567875,562,1
FELTCRAFT DOLL ROSIE,0.0310589907604833,437,1
BAKING SET 9 PIECE RETROSPOT,0.06055437100213219,852,1
RETRO SPOT TEA SET CERAMIC 11 PC,0.04825870646766169,679,1
POSTAGE,0.044989339019189764,633,1
RED TOADSTOOL LED NIGHT LIGHT,0.03759772565742715,529,1
RED WOOLLY HOTTIE WHITE HEART.,0.0496090973702914,698,1
WHITE HANGING HEART T-LIGHT HOLDER,0.20639658848614073,2904,1
VINTAGE SNAP CARDS,0.05387348969438522,758,1
BATHROOM METAL SIGN,0.04719260838663824,664,1
LADIES & GENTLEMEN METAL SIGN,0.03823738450604122,538,1
JUMBO BAG PINK VINTAGE PAISLEY,0.0449182658137882,632,1
LOVEBIRD HANGING DECORATION WHITE,0.029992892679459843,422,1
LUNCH BAG RED SPOTTY,0.07505330490405117,1056,1
RED HANGING HEART T-LIGHT HOLDER,0.06950959488272922,978,1
LUNCH BAG CARS BLUE,0.06019900497512438,847,1
HOT WATER BOTTLE TEA AND SYMPATHY,0.05863539445628998,825,1
LUNCH BAG WOODLAND,0.05572139303482587,784,1
PAPER CHAIN KIT 50'S CHRISTMAS,0.054086709310589905,761,1
JUMBO BAG SCANDINAVIAN PAISLEY,0.0449182658137882,632,1
VICTORIAN GLASS HANGING T-LIGHT,0.04371002132196162,615,1
RED SPOTTY CHARLOTTE BAG,0.04157782515991471,585,1
PAPER CHAIN KIT RETRO SPOT,0.03404406538734897,479,1
HEART FILIGREE DOVE  SMALL,0.03361762615493959,473,1
JUMBO BAG RED WHITE SPOTTY,0.03248045486851457,457,1
RED SPOTTY ROUND CAKE TINS,0.029068941009239516,409,1
RED SPOT HEART HOT WATER BOTTLE,0.028642501776830136,403,1
ANTIQUE SILVER TEA GLASS ETCHED,0.04449182658137882,626,1
PAPER BUNTING RETRO SPOTS,0.04250177683013504,598,1
PAPER BUNTING WHITE LACE,0.02814498933901919,396,1
60 TEATIME FAIRY CAKE CASES,0.08052594171997157,1133,1
PACK OF 60 PINK PAISLEY CAKE CASES,0.06567164179104477,924,1
FELTCRAFT DOLL MOLLY,0.029566453447050462,416,1
STRAWBERRY CERAMIC TRINKET BOX,0.09211087420042643,1296,1
PACK OF 72 RETRO SPOT CAKE CASES,0.08208955223880597,1155,1
WOODEN FRAME ANTIQUE WHITE,0.0705046197583511,991,1
WOOD S/3 CABINET ANT WHITE FINISH,0.046126510305614786,649,1
WOOD 2 DRAWER CABINET WHITE FINISH,0.041080312722103766,578,1
FAWN BLUE HOT WATER BOTTLE,0.03475479744136461,489,1
SWEETHEART CERAMIC TRINKET BOX,0.05721393034825871,805,1
PINK CREAM FELT CRAFT TRINKET BOX,0.049964463397299215,703,1
JUMBO STORAGE BAG SKULLS,0.03880597014925373,546,1
BLUE 3 PIECE MINI DOTS CUTLERY SET,0.03155650319829424,444,1
CHICK GREY HOT WATER BOTTLE,0.029992892679459843,422,1
PINK 3 PIECE MINI DOTS CUTLERY SET,0.02928216062544421,412,1
WHITE SKULL HOT WATER BOTTLE,0.02928216062544421,412,1
VINTAGE HEADS AND TAILS CARD GAME,0.04129353233830846,581,1
WOODLAND CHARLOTTE BAG,0.038450604122245914,541,1
COLOUR GLASS. STAR T-LIGHT HOLDER,0.02992181947405828,421,1
JUMBO STORAGE BAG SUKI,0.06823027718550106,960,1
RED 3 PIECE MINI DOTS CUTLERY SET,0.03248045486851457,457,1
JUMBO BAG TOYS,0.03013503909026297,424,1
HAND OVER THE CHOCOLATE   SIGN,0.05159914712153518,726,1
CHOCOLATE THIS WAY METAL SIGN,0.03127221037668799,440,1
ZINC METAL HEART DECORATION,0.05536602700781805,779,1
NO SINGING METAL SIGN,0.042572850035536604,599,1
GRAND CHOCOLATECANDLE,0.03972992181947406,559,1
RIBBON REEL STRIPES DESIGN,0.03482587064676617,490,1
PARTY METAL SIGN,0.03070362473347548,432,1
DOOR MAT NEW ENGLAND,0.02892679459843639,407,1
GIN + TONIC DIET METAL SIGN,0.052665245202558636,741,1
6 RIBBONS RUSTIC CHARM,0.046126510305614786,649,1
COOK WITH WINE METAL SIGN,0.045060412224591326,634,1
POTTERING IN THE SHED METAL SIGN,0.03447050461975835,484,1
KNITTED UNION FLAG HOT WATER BOTTLE,0.034328358208955224,483,1
POTTING SHED TEA MUG,0.03361762615493959,473,1
GREY HEART HOT WATER BOTTLE,0.031201137171286426,439,1
WOODEN BOX OF DOMINOES,0.03049040511727079,429,1
I CAN ONLY PLEASE ONE PERSON MUG,0.02935323383084577,413,1
SET/5 RED SPOTTY LID GLASS BOWLS,0.0542999289267946,764,1
EDWARDIAN PARASOL BLACK,0.03539445628997868,498,1
EDWARDIAN PARASOL NATURAL,0.03333333333333333,469,1
RETRO SPOT LARGE MILK JUG,0.031627576403695803,444,1
PACK OF 60 MUSHROOM CAKE CASES,0.03134328358208955,440,1
RED SPOTTY SHOPPER BAG,0.02771855010660981,390,1
RED GINGHAM ROSE JEWELLERY BOX,0.039303482587064675,553,1
PACK 20 ENGLISH ROSE PAPER NAPKINS,0.03383084577114428,476,1
REX CASH+CARRY JUMBO SHOPPER,0.07100213219616204,998,1
LUNCH BAG  BLACK SKULL.,0.06844349680170576,963,1
CREAM HEART CARD HOLDER,0.048045486851457,676,1
FELTCRAFT BUTTERFLY HEARTS,0.043567874911158495,613,1
JUMBO BAG OWLS,0.03731343283582089,525,1
3 STRIPEY MICE FELTCRAFT,0.031769722814498934,447,1
JUMBO BAG WOODLAND ANIMALS,0.030419331911869227,428,1
SET/20 RED SPOTTY PAPER NAPKINS,0.054371002132196165,765,1
TEA TIME CAKE STAND IN GIFT BOX,0.03226723525230988,454,1
JUMBO  BAG BAROQUE BLACK WHITE,0.05735607675906183,807,1
"KEY FOB , SHED",0.02814498933901919,396,1
WOODEN PICTURE FRAME WHITE FINISH,0.05735607675906183,807,1
VINTAGE UNION JACK BUNTING,0.05138592750533049,723,1
VINTAGE UNION JACK CUSHION COVER,0.03169864960909737,446,1
12 PENCILS SMALL TUBE SKULL,0.02850035536602701,401,1
SET OF 72 RETRO SPOT PAPER  DOILIES,0.031911869225302064,449,1
WORLD WAR 2 GLIDERS ASSTD DESIGNS,0.03091684434968017,435,1
PARTY BUNTING,0.04825870646766169,679,1
72 SWEETHEART FAIRY CAKE CASES,0.0488272921108742,687,1
HEART IVORY TRELLIS SMALL,0.03091684434968017,435,1
JUMBO BAG STRAWBERRY,0.06183368869936034,870,1
PACK OF 72 SKULL CAKE CASES,0.04719260838663824,664,1
PACK OF 60 DINOSAUR CAKE CASES,0.0433546552949538,610,1
COLOUR GLASS T-LIGHT HOLDER HANGING,0.03987206823027718,561,1
BEWARE OF THE CAT METAL SIGN,0.030063965884861408,423,1
SET OF 3 HEART COOKIE CUTTERS,0.030561478322672354,430,1
STRAWBERRY CHARLOTTE BAG,0.03582089552238806,504,1
TEA TIME TEA TOWELS,0.028287135749822317,398,1
CREAM CUPID HEARTS COAT HANGER,0.03574982231698649,502,1
HOT BATHS METAL SIGN,0.03148542999289268,443,1
TOILET METAL SIGN,0.03070362473347548,432,1
SET OF 36 TEATIME PAPER DOILIES,0.02857142857142857,402,1
METAL 4 HOOK HANGER FRENCH CHATEAU,0.027576403695806682,388,1
HANGING JAM JAR T-LIGHT HOLDER,0.03525230987917555,495,1
SINGLE HEART ZINC T-LIGHT HOLDER,0.03468372423596304,487,1
CHILLI LIGHTS,0.028002842928216063,394,1
FELTCRAFT 6 FLOWER FRIENDS,0.05294953802416489,745,1
3 HEARTS HANGING DECORATION RUSTIC,0.028997867803837955,408,1
HANGING HEART JAR T-LIGHT HOLDER,0.03617626154939588,509,1
PINK HAPPY BIRTHDAY BUNTING,0.03134328358208955,440,1
DOOR MAT UNION FLAG,0.04235963041933191,596,1
ROUND SNACK BOXES SET OF 4 FRUITS,0.03788201847903341,533,1
ROUND SNACK BOXES SET OF4 WOODLAND,0.03987206823027718,561,1
SPACEBOY BIRTHDAY CARD,0.02970859985785359,418,1
TOY TIDY PINK RETROSPOT,0.028784648187633263,405,1
RECYCLING BAG RETROSPOT,0.04328358208955224,609,1
JUMBO BAG PINK WITH WHITE SPOTS,0.05031982942430704,708,1
JUMBO BAG SPACEBOY DESIGN,0.03582089552238806,504,1
JUMBO SHOPPER VINTAGE RED PAISLEY,0.06474769012082444,910,1
METAL SIGN TAKE IT OR LEAVE IT,0.030063965884861408,423,1
PLEASE ONE PERSON METAL SIGN,0.051883439943141436,730,1
PACK OF 60 SPACEBOY CAKE CASES,0.03631840796019901,511,1
LUNCH BAG PINK RETROSPOT,0.05159914712153518,726,1
LUNCH BAG SUKI  DESIGN,0.06766169154228856,952,1
LUNCH BAG SPACEBOY DESIGN,0.06460554371002132,909,1
SMALL POPCORN HOLDER,0.04562899786780384,642,1
NATURAL SLATE HEART CHALKBOARD,0.047619047619047616,670,1
WHITE WOOD GARDEN PLANT LADDER,0.029637526652452027,417,1
FELTCRAFT CUSHION BUTTERFLY,0.028855721393034824,406,1
PACK OF 6 BIRDY GIFT TAGS,0.0457000710732054,643,1
MEMO BOARD COTTAGE DESIGN,0.028429282160625444,400,1
MEMO BOARD RETROSPOT  DESIGN,0.02778962331201137,391,1
BAKING SET SPACEBOY DESIGN,0.03333333333333333,469,1
REGENCY CAKESTAND 3 TIER,0.1122956645344705,1580,1
WOODEN SCHOOL COLOURING SET,0.03141435678749112,442,1
PLASTERS IN TIN CIRCUS PARADE,0.042643923240938165,600,1
PLASTERS IN TIN STRONGMAN,0.029992892679459843,422,1
PLASTERS IN TIN SPACEBOY,0.04321250888415067,608,1
PLASTERS IN TIN WOODLAND ANIMALS,0.03781094527363184,532,1
PLASTERS IN TIN VINTAGE PAISLEY,0.03816631130063966,537,1
PLASTERS IN TIN SKULLS,0.03482587064676617,490,1
GARDENERS KNEELING PAD,0.03113006396588486,438,1
RED RETROSPOT SMALL MILK JUG,0.028358208955223882,399,1
RED RETROSPOT CAKE STAND,0.04171997157071784,587,1
RED RETROSPOT TRADITIONAL TEAPOT,0.0271499644633973,382,1
WOOD BLACK BOARD ANT WHITE FINISH,0.03212508884150675,451,1
CLOTHES PEGS RETROSPOT PACK 24,0.02736318407960199,385,1
HEART OF WICKER LARGE,0.07022032693674485,988,1
HEART OF WICKER SMALL,0.060909737029140015,857,1
IVORY KITCHEN SCALES,0.03141435678749112,442,1
JUMBO BAG RED RETROSPOT,0.07405828002842928,1042,1
CERAMIC STRAWBERRY CAKE MONEY BANK,0.030063965884861408,423,1
SPACEBOY LUNCH BOX,0.029779673063255154,419,1
DOLLY GIRL LUNCH BOX,0.028358208955223882,399,1
RECIPE BOX PANTRY YELLOW DESIGN,0.03312011371712864,466,1
WICKER STAR,0.03148542999289268,443,1
HAND WARMER OWL DESIGN,0.038663823738450606,544,1
HAND WARMER SCOTTY DOG DESIGN,0.037739872068230276,531,1
HAND WARMER BIRD DESIGN,0.036744847192608385,517,1
SET OF 20 VINTAGE CHRISTMAS NAPKINS,0.03049040511727079,429,1
PAPER CHAIN KIT VINTAGE CHRISTMAS,0.041648898365316274,586,1
HAND WARMER UNION JACK,0.02850035536602701,401,1
ASSORTED COLOUR BIRD ORNAMENT|WHITE HANGING HEART T-LIGHT HOLDER,0.02771855010660981,390,2
ASSORTED COLOUR BIRD ORNAMENT|STRAWBERRY CERAMIC TRINKET BOX,0.007107320540156361,100,2
ASSORTED COLOUR BIRD ORNAMENT|REGENCY CAKESTAND 3 TIER,0.012935323383084577,182,2
ASSORTED COLOUR BIRD ORNAMENT|HOME BUILDING BLOCK WORD,0.015422885572139304,217,2
HOME BUILDING BLOCK WORD|WHITE HANGING HEART T-LIGHT HOLDER,0.02778962331201137,391,2
HOME BUILDING BLOCK WORD|STRAWBERRY CERAMIC TRINKET BOX,0.007462686567164179,105,2
HOME BUILDING BLOCK WORD|REGENCY CAKESTAND 3 TIER,0.012295664534470504,173,2
HOME BUILDING BLOCK WORD|LOVE BUILDING BLOCK WORD,0.03710021321961621,522,2
ASSORTED COLOUR BIRD ORNAMENT|LOVE BUILDING BLOCK WORD,0.010518834399431415,148,2
LOVE BUILDING BLOCK WORD|WHITE HANGING HEART T-LIGHT HOLDER,0.026297085998578537,370,2
LOVE BUILDING BLOCK WORD|RED HANGING HEART T-LIGHT HOLDER,0.008884150675195452,125,2
LOVE BUILDING BLOCK WORD|WOODEN FRAME ANTIQUE WHITE,0.011442786069651741,161,2
LOVE BUILDING BLOCK WORD|REGENCY CAKESTAND 3 TIER,0.008813077469793887,123,2
HEART OF WICKER LARGE|LOVE BUILDING BLOCK WORD,0.010732054015636105,151,2
HOME BUILDING BLOCK WORD|LOVE BUILDING BLOCK WORD|WHITE HANGING HEART T-LIGHT HOLDER,0.01279317697228145,180,3
LOVE BUILDING BLOCK WORD|RED HANGING HEART T-LIGHT HOLDER|WHITE HANGING HEART T-LIGHT HOLDER,0.007533759772565742,106,3
SCOTTIE DOG HOT WATER BOTTLE|WHITE HANGING HEART T-LIGHT HOLDER,0.016062544420753375,225,2
HEART IVORY TRELLIS LARGE|WHITE HANGING HEART T-LIGHT HOLDER,0.015849324804548686,223,2
HEART IVORY TRELLIS LARGE|ZINC METAL HEART DECORATION,0.00767590618336887,108,2
HEART IVORY TRELLIS LARGE|HEART OF WICKER LARGE,0.009097370291400142,128,2
HEART FILIGREE DOVE LARGE|HEART IVORY TRELLIS LARGE,0.011940298507462687,168,2
HEART FILIGREE DOVE  SMALL|HEART FILIGREE DOVE LARGE,0.011656005685856433,164,2
HEART FILIGREE DOVE LARGE|WHITE HANGING HEART T-LIGHT HOLDER,0.013788201847903341,194,2
CHOCOLATE HOT WATER BOTTLE|SCOTTIE DOG HOT WATER BOTTLE,0.01904761904761905,268,2
CHOCOLATE HOT WATER BOTTLE|HOT WATER BOTTLE TEA AND SYMPATHY,0.027434257285003552,386,2
CHOCOLATE HOT WATER BOTTLE|WHITE HANGING HEART T-LIGHT HOLDER,0.013859275053304905,195,2
CHOCOLATE HOT WATER BOTTLE|HOT WATER BOTTLE TEA AND SYMPATHY|SCOTTIE DOG HOT WATER BOTTLE,0.009310589907604833,131,3
HANGING HEART ZINC T-LIGHT HOLDER|ZINC METAL HEART DECORATION,0.009808102345415778,138,2
HANGING HEART ZINC T-LIGHT HOLDER|WHITE HANGING HEART T-LIGHT HOLDER,0.017981520966595593,253,2
ASSORTED COLOUR BIRD ORNAMENT|HANGING HEART ZINC T-LIGHT HOLDER,0.00767590618336887,108,2
PINK BLUE FELT CRAFT TRINKET BOX|PINK CREAM FELT CRAFT TRINKET BOX,0.024662402274342573,347,2
PINK BLUE FELT CRAFT TRINKET BOX|WHITE HANGING HEART T-LIGHT HOLDER,0.008173418621179816,115,2
FELTCRAFT BUTTERFLY HEARTS|PINK BLUE FELT CRAFT TRINKET BOX,0.01101634683724236,155,2
FELTCRAFT 6 FLOWER FRIENDS|PINK BLUE FELT CRAFT TRINKET BOX,0.011371712864250177,160,2
FELTCRAFT BUTTERFLY HEARTS|PINK BLUE FELT CRAFT TRINKET BOX|PINK CREAM FELT CRAFT TRINKET BOX,0.007960199004975124,112,3
FELTCRAFT 6 FLOWER FRIENDS|PINK BLUE FELT CRAFT TRINKET BOX|PINK CREAM FELT CRAFT TRINKET BOX,0.00824449182658138,116,3
FELTCRAFT DOLL ROSIE|PINK BLUE FELT CRAFT TRINKET BOX,0.008599857853589197,121,2
FELTCRAFT 6 FLOWER FRIENDS|FELTCRAFT DOLL ROSIE,0.009594882729211088,135,2
FELTCRAFT DOLL ROSIE|PINK CREAM FELT CRAFT TRINKET BOX,0.010376687988628288,146,2
FELTCRAFT BUTTERFLY HEARTS|FELTCRAFT DOLL ROSIE,0.008031272210376687,112,2
BAKING SET 9 PIECE RETROSPOT|PACK OF 60 PINK PAISLEY CAKE CASES,0.007604832977967307,107,2
60 TEATIME FAIRY CAKE CASES|BAKING SET 9 PIECE RETROSPOT,0.007462686567164179,105,2
BAKING SET 9 PIECE RETROSPOT|PACK OF 72 RETRO SPOT CAKE CASES,0.011869225302061123,167,2
BAKING SET 9 PIECE RETROSPOT|WHITE HANGING HEART T-LIGHT HOLDER,0.00945273631840796,133,2
BAKING SET 9 PIECE RETROSPOT|REGENCY CAKESTAND 3 TIER,0.007462686567164179,105,2
BAKING SET 9 PIECE RETROSPOT|RETRO SPOT TEA SET CERAMIC 11 PC,0.015138592750533048,213,2
PACK OF 72 RETRO SPOT CAKE CASES|RETRO SPOT TEA SET CERAMIC 11 PC,0.00824449182658138,116,2
RETRO SPOT TEA SET CERAMIC 11 PC|WHITE HANGING HEART T-LIGHT HOLDER,0.009168443496801706,129,2
REGENCY CAKESTAND 3 TIER|RETRO SPOT TEA SET CERAMIC 11 PC,0.007533759772565742,106,2
POSTAGE|RED TOADSTOOL LED NIGHT LIGHT,0.010305614783226724,145,2
RED TOADSTOOL LED NIGHT LIGHT|ROUND SNACK BOXES SET OF4 WOODLAND,0.007462686567164179,105,2
RED WOOLLY HOTTIE WHITE HEART.|SCOTTIE DOG HOT WATER BOTTLE,0.014285714285714285,201,2
RED HANGING HEART T-LIGHT HOLDER|RED WOOLLY HOTTIE WHITE HEART.,0.007604832977967307,107,2
RED WOOLLY HOTTIE WHITE HEART.|WHITE HANGING HEART T-LIGHT HOLDER,0.014356787491115849,202,2
HOT WATER BOTTLE TEA AND SYMPATHY|RED WOOLLY HOTTIE WHITE HEART.,0.013788201847903341,194,2
CHOCOLATE HOT WATER BOTTLE|RED WOOLLY HOTTIE WHITE HEART.,0.011442786069651741,161,2
CHOCOLATE HOT WATER BOTTLE|HOT WATER BOTTLE TEA AND SYMPATHY|RED WOOLLY HOTTIE WHITE HEART.,0.007107320540156361,100,3
VINTAGE SNAP CARDS|WHITE HANGING HEART T-LIGHT HOLDER,0.009523809523809525,134,2
BATHROOM METAL SIGN|WHITE HANGING HEART T-LIGHT HOLDER,0.014427860696517412,203,2
BATHROOM METAL SIGN|HOME BUILDING BLOCK WORD,0.00810234541577825,113,2
BATHROOM METAL SIGN|STRAWBERRY CERAMIC TRINKET BOX,0.00788912579957356,111,2
BATHROOM METAL SIGN|HAND OVER THE CHOCOLATE   SIGN,0.010092395167022032,142,2
BATHROOM METAL SIGN|GIN + TONIC DIET METAL SIGN,0.008884150675195452,125,2
BATHROOM METAL SIGN|WOODEN FRAME ANTIQUE WHITE,0.007178393745557924,101,2
BATHROOM METAL SIGN|PLEASE ONE PERSON METAL SIGN,0.00767590618336887,108,2
BATHROOM METAL SIGN|LADIES & GENTLEMEN METAL SIGN,0.008386638237384506,118,2
LADIES & GENTLEMEN METAL SIGN|NO SINGING METAL SIGN,0.013503909026297086,190,2
HAND OVER THE CHOCOLATE   SIGN|LADIES & GENTLEMEN METAL SIGN,0.013148542999289269,185,2
GIN + TONIC DIET METAL SIGN|LADIES & GENTLEMEN METAL SIGN,0.012153518123667377,171,2
COOK WITH WINE METAL SIGN|LADIES & GENTLEMEN METAL SIGN,0.010305614783226724,145,2
LADIES & GENTLEMEN METAL SIGN|WHITE HANGING HEART T-LIGHT HOLDER,0.011584932480454868,163,2
LADIES & GENTLEMEN METAL SIGN|PLEASE ONE PERSON METAL SIGN,0.011940298507462687,168,2
HAND OVER THE CHOCOLATE   SIGN|LADIES & GENTLEMEN METAL SIGN|NO SINGING METAL SIGN,0.007462686567164179,105,3
JUMBO BAG PINK VINTAGE PAISLEY|JUMBO BAG SCANDINAVIAN PAISLEY,0.02181947405828003,307,2
JUMBO BAG PINK VINTAGE PAISLEY|WHITE HANGING HEART T-LIGHT HOLDER,0.00945273631840796,133,2
JUMBO BAG PINK VINTAGE PAISLEY|JUMBO BAG STRAWBERRY,0.017484008528784647,245,2
JUMBO BAG PINK VINTAGE PAISLEY|JUMBO STORAGE BAG SUKI,0.016275764036958067,229,2
JUMBO  BAG BAROQUE BLACK WHITE|JUMBO BAG PINK VINTAGE PAISLEY,0.014072494669509595,198,2
JUMBO BAG PINK VINTAGE PAISLEY|JUMBO BAG PINK WITH WHITE SPOTS,0.011300639658848614,159,2
JUMBO BAG PINK VINTAGE PAISLEY|JUMBO SHOPPER VINTAGE RED PAISLEY,0.016346837242359632,230,2
JUMBO BAG PINK VINTAGE PAISLEY|JUMBO BAG RED RETROSPOT,0.013930348258706468,196,2
JUMBO BAG PINK VINTAGE PAISLEY|JUMBO BAG SCANDINAVIAN PAISLEY|JUMBO BAG STRAWBERRY,0.01122956645344705,158,3
JUMBO BAG PINK VINTAGE PAISLEY|JUMBO BAG SCANDINAVIAN PAISLEY|JUMBO STORAGE BAG SUKI,0.00945273631840796,133,3
JUMBO BAG PINK VINTAGE PAISLEY|JUMBO BAG STRAWBERRY|JUMBO STORAGE BAG SUKI,0.00845771144278607,119,3
JUMBO BAG PINK VINTAGE PAISLEY|JUMBO SHOPPER VINTAGE RED PAISLEY|JUMBO STORAGE BAG SUKI,0.008031272210376687,112,3
JUMBO  BAG BAROQUE BLACK WHITE|JUMBO BAG PINK VINTAGE PAISLEY|JUMBO STORAGE BAG SUKI,0.007107320540156361,100,3
JUMBO  BAG BAROQUE BLACK WHITE|JUMBO BAG PINK VINTAGE PAISLEY|JUMBO BAG STRAWBERRY,0.00767590618336887,108,3
JUMBO  BAG BAROQUE BLACK WHITE|JUMBO BAG PINK VINTAGE PAISLEY|JUMBO BAG SCANDINAVIAN PAISLEY,0.008813077469793887,123,3
JUMBO BAG PINK VINTAGE PAISLEY|JUMBO BAG PINK WITH WHITE SPOTS|JUMBO BAG SCANDINAVIAN PAISLEY,0.007107320540156361,100,3
JUMBO BAG PINK VINTAGE PAISLEY|JUMBO BAG SCANDINAVIAN PAISLEY|JUMBO SHOPPER VINTAGE RED PAISLEY,0.009950248756218905,140,3
JUMBO BAG PINK VINTAGE PAISLEY|JUMBO BAG STRAWBERRY|JUMBO SHOPPER VINTAGE RED PAISLEY,0.007462686567164179,105,3
JUMBO BAG PINK VINTAGE PAISLEY|JUMBO BAG RED RETROSPOT|JUMBO SHOPPER VINTAGE RED PAISLEY,0.007107320540156361,100,3
JUMBO BAG PINK VINTAGE PAISLEY|JUMBO BAG RED RETROSPOT|JUMBO BAG SCANDINAVIAN PAISLEY,0.007249466950959489,102,3
LOVEBIRD HANGING DECORATION WHITE|WHITE HANGING HEART T-LIGHT HOLDER,0.01300639658848614,183,2
LUNCH BAG RED SPOTTY|WHITE HANGING HEART T-LIGHT HOLDER,0.017199715707178393,242,2
LUNCH BAG RED SPOTTY|STRAWBERRY CERAMIC TRINKET BOX,0.010376687988628288,146,2
LUNCH BAG RED SPOTTY|PACK OF 72 RETRO SPOT CAKE CASES,0.01577825159914712,222,2
60 TEATIME FAIRY CAKE CASES|LUNCH BAG RED SPOTTY,0.01101634683724236,155,2
LUNCH BAG RED SPOTTY|REGENCY CAKESTAND 3 TIER,0.008528784648187633,120,2
60 TEATIME FAIRY CAKE CASES|LUNCH BAG RED SPOTTY|PACK OF 72 RETRO SPOT CAKE CASES,0.0073916133617626155,104,3
RED HANGING HEART T-LIGHT HOLDER|WHITE HANGING HEART T-LIGHT HOLDER,0.05131485429992893,722,2
ASSORTED COLOUR BIRD ORNAMENT|RED HANGING HEART T-LIGHT HOLDER,0.008599857853589197,121,2
RED HANGING HEART T-LIGHT HOLDER|STRAWBERRY CERAMIC TRINKET BOX,0.00845771144278607,119,2
HOME BUILDING BLOCK WORD|RED HANGING HEART T-LIGHT HOLDER,0.009381663113006396,132,2
RED HANGING HEART T-LIGHT HOLDER|REX CASH+CARRY JUMBO SHOPPER,0.0073916133617626155,104,2
RED HANGING HEART T-LIGHT HOLDER|WOODEN FRAME ANTIQUE WHITE,0.009594882729211088,135,2
RED HANGING HEART T-LIGHT HOLDER|REGENCY CAKESTAND 3 TIER,0.007746979388770434,109,2
HEART OF WICKER LARGE|RED HANGING HEART T-LIGHT HOLDER,0.010874200426439232,153,2
HOME BUILDING BLOCK WORD|RED HANGING HEART T-LIGHT HOLDER|WHITE HANGING HEART T-LIGHT HOLDER,0.00788912579957356,111,3
RED HANGING HEART T-LIGHT HOLDER|WHITE HANGING HEART T-LIGHT HOLDER|WOODEN FRAME ANTIQUE WHITE,0.00845771144278607,119,3
HEART OF WICKER LARGE|RED HANGING HEART T-LIGHT HOLDER|WHITE HANGING HEART T-LIGHT HOLDER,0.008742004264392323,122,3
LUNCH BAG CARS BLUE|LUNCH BAG RED SPOTTY,0.026439232409381664,372,2
LUNCH BAG CARS BLUE|WHITE HANGING HEART T-LIGHT HOLDER,0.014285714285714285,201,2
LUNCH BAG  BLACK SKULL.|LUNCH BAG CARS BLUE,0.023525230987917554,331,2
JUMBO STORAGE BAG SUKI|LUNCH BAG CARS BLUE,0.013290689410092395,187,2
LUNCH BAG CARS BLUE|PACK OF 72 RETRO SPOT CAKE CASES,0.007960199004975124,112,2
JUMBO BAG STRAWBERRY|LUNCH BAG CARS BLUE,0.010021321961620469,141,2
60 TEATIME FAIRY CAKE CASES|LUNCH BAG CARS BLUE,0.008742004264392323,122,2
JUMBO SHOPPER VINTAGE RED PAISLEY|LUNCH BAG CARS BLUE,0.009026297085998579,127,2
LUNCH BAG CARS BLUE|LUNCH BAG SPACEBOY DESIGN,0.02224591329068941,313,2
LUNCH BAG CARS BLUE|LUNCH BAG SUKI  DESIGN,0.025941719971570718,365,2
JUMBO BAG RED RETROSPOT|LUNCH BAG CARS BLUE,0.011087420042643924,156,2
LUNCH BAG  BLACK SKULL.|LUNCH BAG CARS BLUE|LUNCH BAG RED SPOTTY,0.011513859275053304,162,3
LUNCH BAG  BLACK SKULL.|LUNCH BAG CARS BLUE|LUNCH BAG SUKI  DESIGN,0.013077469793887705,184,3
JUMBO STORAGE BAG SUKI|LUNCH BAG CARS BLUE|LUNCH BAG SUKI  DESIGN,0.008955223880597015,126,3
LUNCH BAG  BLACK SKULL.|LUNCH BAG CARS BLUE|LUNCH BAG SPACEBOY DESIGN,0.011442786069651741,161,3
LUNCH BAG CARS BLUE|LUNCH BAG SPACEBOY DESIGN|LUNCH BAG SUKI  DESIGN,0.015422885572139304,217,3
LUNCH BAG CARS BLUE|LUNCH BAG RED SPOTTY|LUNCH BAG SPACEBOY DESIGN,0.010447761194029851,147,3
LUNCH BAG  BLACK SKULL.|LUNCH BAG CARS BLUE|LUNCH BAG SPACEBOY DESIGN|LUNCH BAG SUKI  DESIGN,0.008528784648187633,120,4
LUNCH BAG CARS BLUE|LUNCH BAG RED SPOTTY|LUNCH BAG SPACEBOY DESIGN|LUNCH BAG SUKI  DESIGN,0.007960199004975124,112,4
LUNCH BAG CARS BLUE|LUNCH BAG RED SPOTTY|LUNCH BAG SUKI  DESIGN,0.012153518123667377,171,3
HOT WATER BOTTLE TEA AND SYMPATHY|SCOTTIE DOG HOT WATER BOTTLE,0.016773276474769012,236,2
HOT WATER BOTTLE TEA AND SYMPATHY|WHITE HANGING HEART T-LIGHT HOLDER,0.013290689410092395,187,2
HOT WATER BOTTLE TEA AND SYMPATHY|REGENCY CAKESTAND 3 TIER,0.00810234541577825,113,2
LUNCH BAG RED SPOTTY|LUNCH BAG WOODLAND,0.024591329068941008,346,2
LUNCH BAG CARS BLUE|LUNCH BAG WOODLAND,0.024164889836531627,340,2
LUNCH BAG WOODLAND|WHITE HANGING HEART T-LIGHT HOLDER,0.013290689410092395,187,2
LUNCH BAG  BLACK SKULL.|LUNCH BAG WOODLAND,0.023454157782515993,330,2
JUMBO STORAGE BAG SUKI|LUNCH BAG WOODLAND,0.01101634683724236,155,2
60 TEATIME FAIRY CAKE CASES|LUNCH BAG WOODLAND,0.008528784648187633,120,2
LUNCH BAG WOODLAND|PACK OF 72 RETRO SPOT CAKE CASES,0.00845771144278607,119,2
JUMBO BAG STRAWBERRY|LUNCH BAG WOODLAND,0.009523809523809525,134,2
JUMBO SHOPPER VINTAGE RED PAISLEY|LUNCH BAG WOODLAND,0.007604832977967307,107,2
LUNCH BAG SPACEBOY DESIGN|LUNCH BAG WOODLAND,0.02359630419331912,332,2
LUNCH BAG SUKI  DESIGN|LUNCH BAG WOODLAND,0.02302771855010661,324,2
JUMBO BAG RED RETROSPOT|LUNCH BAG WOODLAND,0.009665955934612652,136,2
LUNCH BAG CARS BLUE|LUNCH BAG RED SPOTTY|LUNCH BAG WOODLAND,0.013219616204690832,186,3
LUNCH BAG  BLACK SKULL.|LUNCH BAG RED SPOTTY|LUNCH BAG WOODLAND,0.011940298507462687,168,3
LUNCH BAG  BLACK SKULL.|LUNCH BAG CARS BLUE|LUNCH BAG WOODLAND,0.013646055437100213,192,3
LUNCH BAG  BLACK SKULL.|LUNCH BAG SPACEBOY DESIGN|LUNCH BAG WOODLAND,0.012935323383084577,182,3
LUNCH BAG  BLACK SKULL.|LUNCH BAG CARS BLUE|LUNCH BAG RED SPOTTY|LUNCH BAG WOODLAND,0.007533759772565742,106,4
LUNCH BAG  BLACK SKULL.|LUNCH BAG CARS BLUE|LUNCH BAG SPACEBOY DESIGN|LUNCH BAG WOODLAND,0.00788912579957356,111,4
JUMBO STORAGE BAG SUKI|LUNCH BAG SUKI  DESIGN|LUNCH BAG WOODLAND,0.007533759772565742,106,3
LUNCH BAG CARS BLUE|LUNCH BAG SPACEBOY DESIGN|LUNCH BAG WOODLAND,0.01257995735607676,177,3
LUNCH BAG RED SPOTTY|LUNCH BAG SPACEBOY DESIGN|LUNCH BAG WOODLAND,0.011158493248045487,157,3
LUNCH BAG SPACEBOY DESIGN|LUNCH BAG SUKI  DESIGN|LUNCH BAG WOODLAND,0.014427860696517412,203,3
LUNCH BAG CARS BLUE|LUNCH BAG SUKI  DESIGN|LUNCH BAG WOODLAND,0.01300639658848614,183,3
LUNCH BAG  BLACK SKULL.|LUNCH BAG SUKI  DESIGN|LUNCH BAG WOODLAND,0.012366737739872069,174,3
LUNCH BAG RED SPOTTY|LUNCH BAG SUKI  DESIGN|LUNCH BAG WOODLAND,0.011869225302061123,167,3
LUNCH BAG CARS BLUE|LUNCH BAG SPACEBOY DESIGN|LUNCH BAG SUKI  DESIGN|LUNCH BAG WOODLAND,0.009523809523809525,134,4
LUNCH BAG  BLACK SKULL.|LUNCH BAG SPACEBOY DESIGN|LUNCH BAG SUKI  DESIGN|LUNCH BAG WOODLAND,0.00923951670220327,130,4
LUNCH BAG  BLACK SKULL.|LUNCH BAG CARS BLUE|LUNCH BAG SUKI  DESIGN|LUNCH BAG WOODLAND,0.00810234541577825,113,4
LUNCH BAG RED SPOTTY|LUNCH BAG SPACEBOY DESIGN|LUNCH BAG SUKI  DESIGN|LUNCH BAG WOODLAND,0.007604832977967307,107,4
LUNCH BAG CARS BLUE|LUNCH BAG RED SPOTTY|LUNCH BAG SUKI  DESIGN|LUNCH BAG WOODLAND,0.007249466950959489,102,4
PAPER CHAIN KIT 50'S CHRISTMAS|WHITE HANGING HEART T-LIGHT HOLDER,0.011087420042643924,156,2
JUMBO BAG SCANDINAVIAN PAISLEY|WHITE HANGING HEART T-LIGHT HOLDER,0.008955223880597015,126,2
JUMBO  BAG BAROQUE BLACK WHITE|JUMBO BAG SCANDINAVIAN PAISLEY,0.015849324804548686,223,2
JUMBO BAG SCANDINAVIAN PAISLEY|JUMBO BAG STRAWBERRY,0.01869225302061123,263,2
JUMBO BAG SCANDINAVIAN PAISLEY|JUMBO STORAGE BAG SUKI,0.016773276474769012,236,2
JUMBO BAG PINK WITH WHITE SPOTS|JUMBO BAG SCANDINAVIAN PAISLEY,0.013219616204690832,186,2
JUMBO BAG SCANDINAVIAN PAISLEY|JUMBO SHOPPER VINTAGE RED PAISLEY,0.018265813788201846,257,2
JUMBO BAG SCANDINAVIAN PAISLEY|LUNCH BAG SUKI  DESIGN,0.00810234541577825,113,2
JUMBO BAG RED RETROSPOT|JUMBO BAG SCANDINAVIAN PAISLEY,0.014072494669509595,198,2
JUMBO  BAG BAROQUE BLACK WHITE|JUMBO BAG SCANDINAVIAN PAISLEY|JUMBO BAG STRAWBERRY,0.008742004264392323,122,3
JUMBO  BAG BAROQUE BLACK WHITE|JUMBO BAG SCANDINAVIAN PAISLEY|JUMBO STORAGE BAG SUKI,0.008031272210376687,112,3
JUMBO  BAG BAROQUE BLACK WHITE|JUMBO BAG SCANDINAVIAN PAISLEY|JUMBO SHOPPER VINTAGE RED PAISLEY,0.007462686567164179,105,3
JUMBO BAG SCANDINAVIAN PAISLEY|JUMBO BAG STRAWBERRY|JUMBO STORAGE BAG SUKI,0.009737029140014215,137,3
JUMBO BAG SCANDINAVIAN PAISLEY|JUMBO SHOPPER VINTAGE RED PAISLEY|JUMBO STORAGE BAG SUKI,0.009310589907604833,131,3
JUMBO BAG PINK WITH WHITE SPOTS|JUMBO BAG SCANDINAVIAN PAISLEY|JUMBO BAG STRAWBERRY,0.00845771144278607,119,3
JUMBO BAG PINK WITH WHITE SPOTS|JUMBO BAG SCANDINAVIAN PAISLEY|JUMBO SHOPPER VINTAGE RED PAISLEY,0.007746979388770434,109,3
JUMBO BAG SCANDINAVIAN PAISLEY|JUMBO BAG STRAWBERRY|JUMBO SHOPPER VINTAGE RED PAISLEY,0.008813077469793887,123,3
JUMBO BAG RED RETROSPOT|JUMBO BAG SCANDINAVIAN PAISLEY|JUMBO SHOPPER VINTAGE RED PAISLEY,0.007533759772565742,106,3
VICTORIAN GLASS HANGING T-LIGHT|WHITE HANGING HEART T-LIGHT HOLDER,0.014356787491115849,202,2
ASSORTED COLOUR BIRD ORNAMENT|VICTORIAN GLASS HANGING T-LIGHT,0.008813077469793887,123,2
REGENCY CAKESTAND 3 TIER|VICTORIAN GLASS HANGING T-LIGHT,0.007107320540156361,100,2
LUNCH BAG RED SPOTTY|RED SPOTTY CHARLOTTE BAG,0.014925373134328358,210,2
LUNCH BAG CARS BLUE|RED SPOTTY CHARLOTTE BAG,0.009523809523809525,134,2
RED SPOTTY CHARLOTTE BAG|WHITE HANGING HEART T-LIGHT HOLDER,0.008742004264392323,122,2
LUNCH BAG WOODLAND|RED SPOTTY CHARLOTTE BAG,0.008031272210376687,112,2
LUNCH BAG  BLACK SKULL.|RED SPOTTY CHARLOTTE BAG,0.008813077469793887,123,2
PACK OF 72 RETRO SPOT CAKE CASES|RED SPOTTY CHARLOTTE BAG,0.010021321961620469,141,2
JUMBO STORAGE BAG SUKI|RED SPOTTY CHARLOTTE BAG,0.008386638237384506,118,2
JUMBO BAG STRAWBERRY|RED SPOTTY CHARLOTTE BAG,0.007604832977967307,107,2
LUNCH BAG PINK RETROSPOT|RED SPOTTY CHARLOTTE BAG,0.009381663113006396,132,2
LUNCH BAG SPACEBOY DESIGN|RED SPOTTY CHARLOTTE BAG,0.00867093105899076,121,2
LUNCH BAG SUKI  DESIGN|RED SPOTTY CHARLOTTE BAG,0.00867093105899076,121,2
JUMBO BAG PINK WITH WHITE SPOTS|RED SPOTTY CHARLOTTE BAG,0.008386638237384506,118,2
PAPER CHAIN KIT RETRO SPOT|WHITE HANGING HEART T-LIGHT HOLDER,0.007462686567164179,105,2
PAPER BUNTING RETRO SPOTS|PAPER CHAIN KIT RETRO SPOT,0.011513859275053304,162,2
PACK OF 72 RETRO SPOT CAKE CASES|PAPER CHAIN KIT RETRO SPOT,0.008315565031982943,117,2
HEART FILIGREE DOVE  SMALL|WHITE HANGING HEART T-LIGHT HOLDER,0.014214641080312722,200,2
ASSORTED COLOUR BIRD ORNAMENT|HEART FILIGREE DOVE  SMALL,0.00788912579957356,111,2
HEART FILIGREE DOVE  SMALL|HEART IVORY TRELLIS LARGE,0.007604832977967307,107,2
JUMBO BAG PINK VINTAGE PAISLEY|JUMBO BAG RED WHITE SPOTTY,0.00788912579957356,111,2
JUMBO BAG RED WHITE SPOTTY|WHITE HANGING HEART T-LIGHT HOLDER,0.007533759772565742,106,2
JUMBO BAG RED WHITE SPOTTY|JUMBO STORAGE BAG SUKI,0.009310589907604833,131,2
JUMBO  BAG BAROQUE BLACK WHITE|JUMBO BAG RED WHITE SPOTTY,0.00867093105899076,121,2
JUMBO BAG RED WHITE SPOTTY|JUMBO BAG STRAWBERRY,0.010660980810234541,150,2
JUMBO BAG PINK WITH WHITE SPOTS|JUMBO BAG RED WHITE SPOTTY,0.007107320540156361,100,2
RED SPOTTY ROUND CAKE TINS|WHITE HANGING HEART T-LIGHT HOLDER,0.008173418621179816,115,2
PACK OF 72 RETRO SPOT CAKE CASES|RED SPOTTY ROUND CAKE TINS,0.008813077469793887,123,2
RED SPOT HEART HOT WATER BOTTLE|SCOTTIE DOG HOT WATER BOTTLE,0.011584932480454868,163,2
RED SPOT HEART HOT WATER BOTTLE|WHITE HANGING HEART T-LIGHT HOLDER,0.008386638237384506,118,2
RED SPOT HEART HOT WATER BOTTLE|RED WOOLLY HOTTIE WHITE HEART.,0.007818052594171997,110,2
ANTIQUE SILVER TEA GLASS ETCHED|WHITE HANGING HEART T-LIGHT HOLDER,0.01179815209665956,166,2
ANTIQUE SILVER TEA GLASS ETCHED|ASSORTED COLOUR BIRD ORNAMENT,0.01101634683724236,155,2
ANTIQUE SILVER TEA GLASS ETCHED|REGENCY CAKESTAND 3 TIER,0.007178393745557924,101,2
PACK OF 72 RETRO SPOT CAKE CASES|PAPER BUNTING RETRO SPOTS,0.009950248756218905,140,2
PAPER BUNTING RETRO SPOTS|SET/20 RED SPOTTY PAPER NAPKINS,0.007249466950959489,102,2
PAPER BUNTING RETRO SPOTS|WHITE HANGING HEART T-LIGHT HOLDER,0.0073916133617626155,104,2
PAPER BUNTING RETRO SPOTS|PAPER BUNTING WHITE LACE,0.007818052594171997,110,2
PAPER BUNTING WHITE LACE|WHITE HANGING HEART T-LIGHT HOLDER,0.007178393745557924,101,2
60 TEATIME FAIRY CAKE CASES|PACK OF 72 RETRO SPOT CAKE CASES,0.03397299218194741,478,2
60 TEATIME FAIRY CAKE CASES|STRAWBERRY CERAMIC TRINKET BOX,0.015849324804548686,223,2
60 TEATIME FAIRY CAKE CASES|WHITE HANGING HEART T-LIGHT HOLDER,0.020184790334044064,284,2
60 TEATIME FAIRY CAKE CASES|ASSORTED COLOUR BIRD ORNAMENT,0.008528784648187633,120,2
60 TEATIME FAIRY CAKE CASES|REGENCY CAKESTAND 3 TIER,0.011656005685856433,164,2
60 TEATIME FAIRY CAKE CASES|PACK OF 72 RETRO SPOT CAKE CASES|WHITE HANGING HEART T-LIGHT HOLDER,0.00923951670220327,130,3
60 TEATIME FAIRY CAKE CASES|PACK OF 60 PINK PAISLEY CAKE CASES,0.03326226012793177,468,2
PACK OF 60 PINK PAISLEY CAKE CASES|PACK OF 72 RETRO SPOT CAKE CASES,0.029068941009239516,409,2
PACK OF 60 PINK PAISLEY CAKE CASES|STRAWBERRY CERAMIC TRINKET BOX,0.008955223880597015,126,2
PACK OF 60 PINK PAISLEY CAKE CASES|WHITE HANGING HEART T-LIGHT HOLDER,0.012437810945273632,175,2
ASSORTED COLOUR BIRD ORNAMENT|PACK OF 60 PINK PAISLEY CAKE CASES,0.00767590618336887,108,2
LUNCH BAG RED SPOTTY|PACK OF 60 PINK PAISLEY CAKE CASES,0.007604832977967307,107,2
LUNCH BAG SUKI  DESIGN|PACK OF 60 PINK PAISLEY CAKE CASES,0.007107320540156361,100,2
PACK OF 60 PINK PAISLEY CAKE CASES|REGENCY CAKESTAND 3 TIER,0.011940298507462687,168,2
60 TEATIME FAIRY CAKE CASES|PACK OF 60 PINK PAISLEY CAKE CASES|PACK OF 72 RETRO SPOT CAKE CASES,0.01691542288557214,238,3
FELTCRAFT DOLL MOLLY|PINK CREAM FELT CRAFT TRINKET BOX,0.008955223880597015,126,2
FELTCRAFT DOLL MOLLY|PINK BLUE FELT CRAFT TRINKET BOX,0.008031272210376687,112,2
FELTCRAFT DOLL MOLLY|FELTCRAFT DOLL ROSIE,0.015849324804548686,223,2
FELTCRAFT 6 FLOWER FRIENDS|FELTCRAFT DOLL MOLLY,0.009097370291400142,128,2
FELTCRAFT BUTTERFLY HEARTS|FELTCRAFT DOLL MOLLY,0.007746979388770434,109,2
STRAWBERRY CERAMIC TRINKET BOX|WHITE HANGING HEART T-LIGHT HOLDER,0.024235963041933192,341,2
REGENCY CAKESTAND 3 TIER|STRAWBERRY CERAMIC TRINKET BOX,0.011940298507462687,168,2
PACK OF 72 RETRO SPOT CAKE CASES|STRAWBERRY CERAMIC TRINKET BOX,0.011940298507462687,168,2
PACK OF 72 RETRO SPOT CAKE CASES|WHITE HANGING HEART T-LIGHT HOLDER,0.016417910447761194,231,2
ASSORTED COLOUR BIRD ORNAMENT|PACK OF 72 RETRO SPOT CAKE CASES,0.008173418621179816,115,2
PACK OF 72 RETRO SPOT CAKE CASES|REGENCY CAKESTAND 3 TIER,0.010447761194029851,147,2
STRAWBERRY CERAMIC TRINKET BOX|WOODEN FRAME ANTIQUE WHITE,0.008031272210376687,112,2
HOME BUILDING BLOCK WORD|WOODEN FRAME ANTIQUE WHITE,0.012153518123667377,171,2
WHITE HANGING HEART T-LIGHT HOLDER|WOODEN FRAME ANTIQUE WHITE,0.03141435678749112,442,2
ASSORTED COLOUR BIRD ORNAMENT|WOODEN FRAME ANTIQUE WHITE,0.009950248756218905,140,2
REGENCY CAKESTAND 3 TIER|WOODEN FRAME ANTIQUE WHITE,0.009026297085998579,127,2
WOOD S/3 CABINET ANT WHITE FINISH|WOODEN FRAME ANTIQUE WHITE,0.022316986496090974,314,2
WHITE HANGING HEART T-LIGHT HOLDER|WOOD S/3 CABINET ANT WHITE FINISH,0.02025586353944563,285,2
WOOD S/3 CABINET ANT WHITE FINISH|WOODEN PICTURE FRAME WHITE FINISH,0.018550106609808104,261,2
LOVE BUILDING BLOCK WORD|WOOD S/3 CABINET ANT WHITE FINISH,0.007746979388770434,109,2
HOME BUILDING BLOCK WORD|WOOD S/3 CABINET ANT WHITE FINISH,0.007533759772565742,106,2
ASSORTED COLOUR BIRD ORNAMENT|WOOD S/3 CABINET ANT WHITE FINISH,0.007320540156361052,103,2
RED HANGING HEART T-LIGHT HOLDER|WOOD S/3 CABINET ANT WHITE FINISH,0.007107320540156361,100,2
WHITE HANGING HEART T-LIGHT HOLDER|WOOD S/3 CABINET ANT WHITE FINISH|WOODEN FRAME ANTIQUE WHITE,0.011869225302061123,167,3
WHITE HANGING HEART T-LIGHT HOLDER|WOOD S/3 CABINET ANT WHITE FINISH|WOODEN PICTURE FRAME WHITE FINISH,0.010518834399431415,148,3
WOOD S/3 CABINET ANT WHITE FINISH|WOODEN FRAME ANTIQUE WHITE|WOODEN PICTURE FRAME WHITE FINISH,0.015920398009950248,224,3
WHITE HANGING HEART T-LIGHT HOLDER|WOOD S/3 CABINET ANT WHITE FINISH|WOODEN FRAME ANTIQUE WHITE|WOODEN PICTURE FRAME WHITE FINISH,0.008884150675195452,125,4
WOOD 2 DRAWER CABINET WHITE FINISH|WOOD S/3 CABINET ANT WHITE FINISH,0.025088841506751954,353,2
WOOD 2 DRAWER CABINET WHITE FINISH|WOODEN FRAME ANTIQUE WHITE,0.02110874200426439,297,2
WHITE HANGING HEART T-LIGHT HOLDER|WOOD 2 DRAWER CABINET WHITE FINISH,0.019331911869225303,272,2
RED HANGING HEART T-LIGHT HOLDER|WOOD 2 DRAWER CABINET WHITE FINISH,0.007533759772565742,106,2
WOOD 2 DRAWER CABINET WHITE FINISH|WOODEN PICTURE FRAME WHITE FINISH,0.019758351101634684,278,2
WOOD 2 DRAWER CABINET WHITE FINISH|WOOD S/3 CABINET ANT WHITE FINISH|WOODEN FRAME ANTIQUE WHITE,0.015920398009950248,224,3
WHITE HANGING HEART T-LIGHT HOLDER|WOOD 2 DRAWER CABINET WHITE FINISH|WOOD S/3 CABINET ANT WHITE FINISH,0.012366737739872069,174,3
WHITE HANGING HEART T-LIGHT HOLDER|WOOD 2 DRAWER CABINET WHITE FINISH|WOODEN FRAME ANTIQUE WHITE,0.011584932480454868,163,3
WHITE HANGING HEART T-LIGHT HOLDER|WOOD 2 DRAWER CABINET WHITE FINISH|WOODEN PICTURE FRAME WHITE FINISH,0.011087420042643924,156,3
WHITE HANGING HEART T-LIGHT HOLDER|WOOD 2 DRAWER CABINET WHITE FINISH|WOOD S/3 CABINET ANT WHITE FINISH|WOODEN FRAME ANTIQUE WHITE,0.009310589907604833,131,4
WHITE HANGING HEART T-LIGHT HOLDER|WOOD 2 DRAWER CABINET WHITE FINISH|WOODEN FRAME ANTIQUE WHITE|WOODEN PICTURE FRAME WHITE FINISH,0.009737029140014215,137,4
WHITE HANGING HEART T-LIGHT HOLDER|WOOD 2 DRAWER CABINET WHITE FINISH|WOOD S/3 CABINET ANT WHITE FINISH|WOODEN PICTURE FRAME WHITE FINISH,0.00867093105899076,121,4
WHITE HANGING HEART T-LIGHT HOLDER|WOOD 2 DRAWER CABINET WHITE FINISH|WOOD S/3 CABINET ANT WHITE FINISH|WOODEN FRAME ANTIQUE WHITE|WOODEN PICTURE FRAME WHITE FINISH,0.00810234541577825,113,5
WOOD 2 DRAWER CABINET WHITE FINISH|WOODEN FRAME ANTIQUE WHITE|WOODEN PICTURE FRAME WHITE FINISH,0.01648898365316276,232,3
WOOD 2 DRAWER CABINET WHITE FINISH|WOOD S/3 CABINET ANT WHITE FINISH|WOODEN PICTURE FRAME WHITE FINISH,0.014783226723525231,208,3
WOOD 2 DRAWER CABINET WHITE FINISH|WOOD S/3 CABINET ANT WHITE FINISH|WOODEN FRAME ANTIQUE WHITE|WOODEN PICTURE FRAME WHITE FINISH,0.01357498223169865,191,4
FAWN BLUE HOT WATER BOTTLE|HOT WATER BOTTLE TEA AND SYMPATHY,0.008813077469793887,123,2
FAWN BLUE HOT WATER BOTTLE|RED WOOLLY HOTTIE WHITE HEART.,0.008315565031982943,117,2
FAWN BLUE HOT WATER BOTTLE|SCOTTIE DOG HOT WATER BOTTLE,0.009594882729211088,135,2
STRAWBERRY CERAMIC TRINKET BOX|SWEETHEART CERAMIC TRINKET BOX,0.044207533759772565,622,2
60 TEATIME FAIRY CAKE CASES|SWEETHEART CERAMIC TRINKET BOX,0.009879175550817342,139,2
SWEETHEART CERAMIC TRINKET BOX|WHITE HANGING HEART T-LIGHT HOLDER,0.014854299928926794,209,2
REGENCY CAKESTAND 3 TIER|SWEETHEART CERAMIC TRINKET BOX,0.009808102345415778,138,2
HEART OF WICKER LARGE|SWEETHEART CERAMIC TRINKET BOX,0.007746979388770434,109,2
60 TEATIME FAIRY CAKE CASES|STRAWBERRY CERAMIC TRINKET BOX|SWEETHEART CERAMIC TRINKET BOX,0.008173418621179816,115,3
STRAWBERRY CERAMIC TRINKET BOX|SWEETHEART CERAMIC TRINKET BOX|WHITE HANGING HEART T-LIGHT HOLDER,0.011869225302061123,167,3
REGENCY CAKESTAND 3 TIER|STRAWBERRY CERAMIC TRINKET BOX|SWEETHEART CERAMIC TRINKET BOX,0.007249466950959489,102,3
PINK CREAM FELT CRAFT TRINKET BOX|WHITE HANGING HEART T-LIGHT HOLDER,0.010163468372423596,143,2
PINK CREAM FELT CRAFT TRINKET BOX|STRAWBERRY CERAMIC TRINKET BOX,0.007533759772565742,106,2
FELTCRAFT 6 FLOWER FRIENDS|PINK CREAM FELT CRAFT TRINKET BOX,0.014285714285714285,201,2
60 TEATIME FAIRY CAKE CASES|PINK CREAM FELT CRAFT TRINKET BOX,0.007107320540156361,100,2
JUMBO  BAG BAROQUE BLACK WHITE|JUMBO STORAGE BAG SKULLS,0.01300639658848614,183,2
JUMBO STORAGE BAG SKULLS|LUNCH BAG  BLACK SKULL.,0.011869225302061123,167,2
JUMBO STORAGE BAG SKULLS|LUNCH BAG RED SPOTTY,0.008528784648187633,120,2
JUMBO STORAGE BAG SKULLS|JUMBO STORAGE BAG SUKI,0.019402985074626865,273,2
JUMBO STORAGE BAG SKULLS|WHITE HANGING HEART T-LIGHT HOLDER,0.007178393745557924,101,2
JUMBO BAG STRAWBERRY|JUMBO STORAGE BAG SKULLS,0.012366737739872069,174,2
JUMBO STORAGE BAG SKULLS|LUNCH BAG CARS BLUE,0.007249466950959489,102,2
JUMBO BAG PINK VINTAGE PAISLEY|JUMBO STORAGE BAG SKULLS,0.009168443496801706,129,2
JUMBO BAG SCANDINAVIAN PAISLEY|JUMBO STORAGE BAG SKULLS,0.009381663113006396,132,2
JUMBO BAG PINK WITH WHITE SPOTS|JUMBO STORAGE BAG SKULLS,0.012082444918265814,170,2
JUMBO SHOPPER VINTAGE RED PAISLEY|JUMBO STORAGE BAG SKULLS,0.011869225302061123,167,2
JUMBO STORAGE BAG SKULLS|LUNCH BAG SUKI  DESIGN,0.009097370291400142,128,2
JUMBO BAG RED RETROSPOT|JUMBO STORAGE BAG SKULLS,0.012864250177683013,181,2
JUMBO  BAG BAROQUE BLACK WHITE|JUMBO STORAGE BAG SKULLS|JUMBO STORAGE BAG SUKI,0.008813077469793887,123,3
JUMBO BAG STRAWBERRY|JUMBO STORAGE BAG SKULLS|JUMBO STORAGE BAG SUKI,0.008315565031982943,117,3
JUMBO BAG PINK WITH WHITE SPOTS|JUMBO STORAGE BAG SKULLS|JUMBO STORAGE BAG SUKI,0.007533759772565742,106,3
JUMBO SHOPPER VINTAGE RED PAISLEY|JUMBO STORAGE BAG SKULLS|JUMBO STORAGE BAG SUKI,0.007107320540156361,100,3
JUMBO BAG RED RETROSPOT|JUMBO STORAGE BAG SKULLS|JUMBO STORAGE BAG SUKI,0.0073916133617626155,104,3
BLUE 3 PIECE MINI DOTS CUTLERY SET|RED 3 PIECE MINI DOTS CUTLERY SET,0.020966595593461264,295,2
BLUE 3 PIECE MINI DOTS CUTLERY SET|WHITE HANGING HEART T-LIGHT HOLDER,0.0073916133617626155,104,2
BLUE 3 PIECE MINI DOTS CUTLERY SET|LUNCH BAG RED SPOTTY,0.0073916133617626155,104,2
CHICK GREY HOT WATER BOTTLE|SCOTTIE DOG HOT WATER BOTTLE,0.010732054015636105,151,2
CHICK GREY HOT WATER BOTTLE|FAWN BLUE HOT WATER BOTTLE,0.007960199004975124,112,2
BLUE 3 PIECE MINI DOTS CUTLERY SET|PINK 3 PIECE MINI DOTS CUTLERY SET,0.02032693674484719,286,2
PINK 3 PIECE MINI DOTS CUTLERY SET|RED 3 PIECE MINI DOTS CUTLERY SET,0.01691542288557214,238,2
LUNCH BAG RED SPOTTY|PINK 3 PIECE MINI DOTS CUTLERY SET,0.00767590618336887,108,2
PINK 3 PIECE MINI DOTS CUTLERY SET|WHITE HANGING HEART T-LIGHT HOLDER,0.007107320540156361,100,2
BLUE 3 PIECE MINI DOTS CUTLERY SET|PINK 3 PIECE MINI DOTS CUTLERY SET|RED 3 PIECE MINI DOTS CUTLERY SET,0.013290689410092395,187,3
SCOTTIE DOG HOT WATER BOTTLE|WHITE SKULL HOT WATER BOTTLE,0.008031272210376687,112,2
HOT WATER BOTTLE TEA AND SYMPATHY|WHITE SKULL HOT WATER BOTTLE,0.0073916133617626155,104,2
KNITTED UNION FLAG HOT WATER BOTTLE|WHITE SKULL HOT WATER BOTTLE,0.007178393745557924,101,2
RED WOOLLY HOTTIE WHITE HEART.|WHITE SKULL HOT WATER BOTTLE,0.008599857853589197,121,2
CHOCOLATE HOT WATER BOTTLE|WHITE SKULL HOT WATER BOTTLE,0.0073916133617626155,104,2
VINTAGE HEADS AND TAILS CARD GAME|VINTAGE SNAP CARDS,0.023738450604122247,334,2
RED SPOTTY CHARLOTTE BAG|WOODLAND CHARLOTTE BAG,0.015920398009950248,224,2
LUNCH BAG WOODLAND|WOODLAND CHARLOTTE BAG,0.009950248756218905,140,2
LUNCH BAG RED SPOTTY|WOODLAND CHARLOTTE BAG,0.00867093105899076,121,2
LUNCH BAG  BLACK SKULL.|WOODLAND CHARLOTTE BAG,0.007818052594171997,110,2
POSTAGE|WOODLAND CHARLOTTE BAG,0.00867093105899076,121,2
LUNCH BAG CARS BLUE|WOODLAND CHARLOTTE BAG,0.0073916133617626155,104,2
JUMBO STORAGE BAG SUKI|WOODLAND CHARLOTTE BAG,0.007107320540156361,100,2
ROUND SNACK BOXES SET OF4 WOODLAND|WOODLAND CHARLOTTE BAG,0.0073916133617626155,104,2
LUNCH BAG SPACEBOY DESIGN|WOODLAND CHARLOTTE BAG,0.00788912579957356,111,2
LUNCH BAG SUKI  DESIGN|WOODLAND CHARLOTTE BAG,0.007178393745557924,101,2
COLOUR GLASS. STAR T-LIGHT HOLDER|WHITE HANGING HEART T-LIGHT HOLDER,0.012366737739872069,174,2
JUMBO STORAGE BAG SUKI|WHITE HANGING HEART T-LIGHT HOLDER,0.013219616204690832,186,2
JUMBO STORAGE BAG SUKI|LUNCH BAG  BLACK SKULL.,0.013717128642501776,193,2
JUMBO STORAGE BAG SUKI|LUNCH BAG RED SPOTTY,0.014356787491115849,202,2
JUMBO STORAGE BAG SUKI|PACK OF 72 RETRO SPOT CAKE CASES,0.008315565031982943,117,2
60 TEATIME FAIRY CAKE CASES|JUMBO STORAGE BAG SUKI,0.008884150675195452,125,2
JUMBO STORAGE BAG SUKI|REGENCY CAKESTAND 3 TIER,0.008315565031982943,117,2
JUMBO BAG RED RETROSPOT|JUMBO STORAGE BAG SUKI,0.022388059701492536,315,2
PACK OF 72 RETRO SPOT CAKE CASES|RED 3 PIECE MINI DOTS CUTLERY SET,0.008031272210376687,112,2
LUNCH BAG RED SPOTTY|RED 3 PIECE MINI DOTS CUTLERY SET,0.00845771144278607,119,2
JUMBO BAG TOYS|JUMBO STORAGE BAG SUKI,0.012651030561478323,178,2
JUMBO BAG SCANDINAVIAN PAISLEY|JUMBO BAG TOYS,0.008528784648187633,120,2
JUMBO BAG PINK VINTAGE PAISLEY|JUMBO BAG TOYS,0.00788912579957356,111,2
JUMBO BAG STRAWBERRY|JUMBO BAG TOYS,0.012864250177683013,181,2
JUMBO  BAG BAROQUE BLACK WHITE|JUMBO BAG TOYS,0.011158493248045487,157,2
JUMBO BAG OWLS|JUMBO BAG TOYS,0.00923951670220327,130,2
JUMBO BAG TOYS|JUMBO STORAGE BAG SKULLS,0.00788912579957356,111,2
JUMBO BAG PINK WITH WHITE SPOTS|JUMBO BAG TOYS,0.009310589907604833,131,2
JUMBO BAG TOYS|JUMBO SHOPPER VINTAGE RED PAISLEY,0.009879175550817342,139,2
JUMBO BAG SPACEBOY DESIGN|JUMBO BAG TOYS,0.007818052594171997,110,2
JUMBO BAG RED RETROSPOT|JUMBO BAG TOYS,0.009737029140014215,137,2
JUMBO BAG STRAWBERRY|JUMBO BAG TOYS|JUMBO STORAGE BAG SUKI,0.0073916133617626155,104,3
HAND OVER THE CHOCOLATE   SIGN|WHITE HANGING HEART T-LIGHT HOLDER,0.017412935323383085,245,2
GIN + TONIC DIET METAL SIGN|HAND OVER THE CHOCOLATE   SIGN,0.01954513148542999,275,2
HAND OVER THE CHOCOLATE   SIGN|HOME BUILDING BLOCK WORD,0.00810234541577825,113,2
HAND OVER THE CHOCOLATE   SIGN|STRAWBERRY CERAMIC TRINKET BOX,0.007746979388770434,109,2
HAND OVER THE CHOCOLATE   SIGN|PLEASE ONE PERSON METAL SIGN,0.016062544420753375,225,2
GIN + TONIC DIET METAL SIGN|HAND OVER THE CHOCOLATE   SIGN|PLEASE ONE PERSON METAL SIGN,0.008742004264392323,122,3
CHOCOLATE THIS WAY METAL SIGN|HAND OVER THE CHOCOLATE   SIGN,0.014072494669509595,198,2
CHOCOLATE THIS WAY METAL SIGN|WHITE HANGING HEART T-LIGHT HOLDER,0.009737029140014215,137,2
CHOCOLATE THIS WAY METAL SIGN|GIN + TONIC DIET METAL SIGN,0.012153518123667377,171,2
CHOCOLATE THIS WAY METAL SIGN|COOK WITH WINE METAL SIGN,0.011087420042643924,156,2
CHOCOLATE THIS WAY METAL SIGN|NO SINGING METAL SIGN,0.008742004264392323,122,2
CHOCOLATE THIS WAY METAL SIGN|POTTERING IN THE SHED METAL SIGN,0.00788912579957356,111,2
CHOCOLATE THIS WAY METAL SIGN|PLEASE ONE PERSON METAL SIGN,0.00824449182658138,116,2
CHOCOLATE THIS WAY METAL SIGN|GIN + TONIC DIET METAL SIGN|HAND OVER THE CHOCOLATE   SIGN,0.007462686567164179,105,3
CHOCOLATE THIS WAY METAL SIGN|COOK WITH WINE METAL SIGN|GIN + TONIC DIET METAL SIGN,0.007107320540156361,100,3
HOME BUILDING BLOCK WORD|ZINC METAL HEART DECORATION,0.008884150675195452,125,2
WHITE HANGING HEART T-LIGHT HOLDER|ZINC METAL HEART DECORATION,0.022956645344705047,323,2
RED HANGING HEART T-LIGHT HOLDER|ZINC METAL HEART DECORATION,0.008528784648187633,120,2
LOVE BUILDING BLOCK WORD|ZINC METAL HEART DECORATION,0.007107320540156361,100,2
ASSORTED COLOUR BIRD ORNAMENT|ZINC METAL HEART DECORATION,0.012651030561478323,178,2
HEART OF WICKER LARGE|ZINC METAL HEART DECORATION,0.009879175550817342,139,2
HEART OF WICKER SMALL|ZINC METAL HEART DECORATION,0.007960199004975124,112,2
HAND OVER THE CHOCOLATE   SIGN|NO SINGING METAL SIGN,0.017484008528784647,245,2
GIN + TONIC DIET METAL SIGN|NO SINGING METAL SIGN,0.015636105188343994,220,2
COOK WITH WINE METAL SIGN|NO SINGING METAL SIGN,0.012295664534470504,173,2
NO SINGING METAL SIGN|STRAWBERRY CERAMIC TRINKET BOX,0.0073916133617626155,104,2
NO SINGING METAL SIGN|WHITE HANGING HEART T-LIGHT HOLDER,0.013077469793887705,184,2
BATHROOM METAL SIGN|NO SINGING METAL SIGN,0.009026297085998579,127,2
NO SINGING METAL SIGN|PLEASE ONE PERSON METAL SIGN,0.013717128642501776,193,2
GIN + TONIC DIET METAL SIGN|HAND OVER THE CHOCOLATE   SIGN|NO SINGING METAL SIGN,0.009026297085998579,127,3
COOK WITH WINE METAL SIGN|GIN + TONIC DIET METAL SIGN|NO SINGING METAL SIGN,0.0073916133617626155,104,3
COOK WITH WINE METAL SIGN|HAND OVER THE CHOCOLATE   SIGN|NO SINGING METAL SIGN,0.0073916133617626155,104,3
GIN + TONIC DIET METAL SIGN|NO SINGING METAL SIGN|PLEASE ONE PERSON METAL SIGN,0.007249466950959489,102,3
GRAND CHOCOLATECANDLE|WHITE HANGING HEART T-LIGHT HOLDER,0.012366737739872069,174,2
RIBBON REEL STRIPES DESIGN|WHITE HANGING HEART T-LIGHT HOLDER,0.008528784648187633,120,2
6 RIBBONS RUSTIC CHARM|RIBBON REEL STRIPES DESIGN,0.007249466950959489,102,2
PARTY METAL SIGN|WHITE HANGING HEART T-LIGHT HOLDER,0.008173418621179816,115,2
BATHROOM METAL SIGN|PARTY METAL SIGN,0.008315565031982943,117,2
DOOR MAT NEW ENGLAND|WHITE HANGING HEART T-LIGHT HOLDER,0.009879175550817342,139,2
DOOR MAT NEW ENGLAND|DOOR MAT UNION FLAG,0.008742004264392323,122,2
GIN + TONIC DIET METAL SIGN|STRAWBERRY CERAMIC TRINKET BOX,0.00810234541577825,113,2
GIN + TONIC DIET METAL SIGN|WHITE HANGING HEART T-LIGHT HOLDER,0.01734186211798152,243,2
GIN + TONIC DIET METAL SIGN|RED HANGING HEART T-LIGHT HOLDER,0.00767590618336887,108,2
6 RIBBONS RUSTIC CHARM|ASSORTED COLOUR BIRD ORNAMENT,0.008173418621179816,115,2
6 RIBBONS RUSTIC CHARM|WHITE HANGING HEART T-LIGHT HOLDER,0.010447761194029851,147,2
6 RIBBONS RUSTIC CHARM|REGENCY CAKESTAND 3 TIER,0.00845771144278607,119,2
COOK WITH WINE METAL SIGN|GIN + TONIC DIET METAL SIGN,0.022103766879886282,311,2
COOK WITH WINE METAL SIGN|HAND OVER THE CHOCOLATE   SIGN,0.017412935323383085,245,2
COOK WITH WINE METAL SIGN|WHITE HANGING HEART T-LIGHT HOLDER,0.014925373134328358,210,2
BATHROOM METAL SIGN|COOK WITH WINE METAL SIGN,0.009097370291400142,128,2
COOK WITH WINE METAL SIGN|PLEASE ONE PERSON METAL SIGN,0.017626154939587774,247,2
COOK WITH WINE METAL SIGN|GIN + TONIC DIET METAL SIGN|HAND OVER THE CHOCOLATE   SIGN,0.010945273631840797,154,3
COOK WITH WINE METAL SIGN|HAND OVER THE CHOCOLATE   SIGN|PLEASE ONE PERSON METAL SIGN,0.008599857853589197,121,3
COOK WITH WINE METAL SIGN|GIN + TONIC DIET METAL SIGN|WHITE HANGING HEART T-LIGHT HOLDER,0.00810234541577825,113,3
COOK WITH WINE METAL SIGN|GIN + TONIC DIET METAL SIGN|PLEASE ONE PERSON METAL SIGN,0.010945273631840797,154,3
HAND OVER THE CHOCOLATE   SIGN|POTTERING IN THE SHED METAL SIGN,0.01257995735607676,177,2
GIN + TONIC DIET METAL SIGN|POTTERING IN THE SHED METAL SIGN,0.010732054015636105,151,2
COOK WITH WINE METAL SIGN|POTTERING IN THE SHED METAL SIGN,0.00945273631840796,133,2
NO SINGING METAL SIGN|POTTERING IN THE SHED METAL SIGN,0.00788912579957356,111,2
POTTERING IN THE SHED METAL SIGN|WHITE HANGING HEART T-LIGHT HOLDER,0.011584932480454868,163,2
BATHROOM METAL SIGN|POTTERING IN THE SHED METAL SIGN,0.007462686567164179,105,2
PLEASE ONE PERSON METAL SIGN|POTTERING IN THE SHED METAL SIGN,0.009168443496801706,129,2
HOT WATER BOTTLE TEA AND SYMPATHY|KNITTED UNION FLAG HOT WATER BOTTLE,0.010447761194029851,147,2
KNITTED UNION FLAG HOT WATER BOTTLE|SCOTTIE DOG HOT WATER BOTTLE,0.009808102345415778,138,2
CHOCOLATE HOT WATER BOTTLE|KNITTED UNION FLAG HOT WATER BOTTLE,0.009594882729211088,135,2
KNITTED UNION FLAG HOT WATER BOTTLE|RED WOOLLY HOTTIE WHITE HEART.,0.015067519545131485,212,2
KNITTED UNION FLAG HOT WATER BOTTLE|WHITE HANGING HEART T-LIGHT HOLDER,0.008315565031982943,117,2
POTTING SHED TEA MUG|WHITE HANGING HEART T-LIGHT HOLDER,0.00845771144278607,119,2
GREY HEART HOT WATER BOTTLE|SCOTTIE DOG HOT WATER BOTTLE,0.010305614783226724,145,2
GREY HEART HOT WATER BOTTLE|WHITE HANGING HEART T-LIGHT HOLDER,0.010092395167022032,142,2
CHOCOLATE HOT WATER BOTTLE|GREY HEART HOT WATER BOTTLE,0.008599857853589197,121,2
VINTAGE HEADS AND TAILS CARD GAME|WOODEN BOX OF DOMINOES,0.009097370291400142,128,2
VINTAGE SNAP CARDS|WOODEN BOX OF DOMINOES,0.01300639658848614,183,2
I CAN ONLY PLEASE ONE PERSON MUG|WHITE HANGING HEART T-LIGHT HOLDER,0.009879175550817342,139,2
I CAN ONLY PLEASE ONE PERSON MUG|PLEASE ONE PERSON METAL SIGN,0.007960199004975124,112,2
SET/5 RED SPOTTY LID GLASS BOWLS|WHITE HANGING HEART T-LIGHT HOLDER,0.013148542999289269,185,2
PACK OF 72 RETRO SPOT CAKE CASES|SET/5 RED SPOTTY LID GLASS BOWLS,0.014854299928926794,209,2
LUNCH BAG RED SPOTTY|SET/5 RED SPOTTY LID GLASS BOWLS,0.01279317697228145,180,2
LUNCH BAG CARS BLUE|SET/5 RED SPOTTY LID GLASS BOWLS,0.007178393745557924,101,2
60 TEATIME FAIRY CAKE CASES|SET/5 RED SPOTTY LID GLASS BOWLS,0.009737029140014215,137,2
PACK OF 60 PINK PAISLEY CAKE CASES|SET/5 RED SPOTTY LID GLASS BOWLS,0.0073916133617626155,104,2
SET/20 RED SPOTTY PAPER NAPKINS|SET/5 RED SPOTTY LID GLASS BOWLS,0.009523809523809525,134,2
JUMBO BAG STRAWBERRY|SET/5 RED SPOTTY LID GLASS BOWLS,0.007178393745557924,101,2
SET/5 RED SPOTTY LID GLASS BOWLS|STRAWBERRY CERAMIC TRINKET BOX,0.009950248756218905,140,2
EDWARDIAN PARASOL BLACK|WHITE HANGING HEART T-LIGHT HOLDER,0.009168443496801706,129,2
EDWARDIAN PARASOL BLACK|WOODEN FRAME ANTIQUE WHITE,0.007462686567164179,105,2
EDWARDIAN PARASOL BLACK|EDWARDIAN PARASOL NATURAL,0.018763326226012792,264,2
EDWARDIAN PARASOL NATURAL|WHITE HANGING HEART T-LIGHT HOLDER,0.00810234541577825,113,2
RETRO SPOT LARGE MILK JUG|WHITE HANGING HEART T-LIGHT HOLDER,0.008599857853589197,121,2
PACK OF 72 RETRO SPOT CAKE CASES|RETRO SPOT LARGE MILK JUG,0.007604832977967307,107,2
72 SWEETHEART FAIRY CAKE CASES|PACK OF 60 MUSHROOM CAKE CASES,0.011087420042643924,156,2
PACK OF 60 MUSHROOM CAKE CASES|PACK OF 60 PINK PAISLEY CAKE CASES,0.015138592750533048,213,2
60 TEATIME FAIRY CAKE CASES|PACK OF 60 MUSHROOM CAKE CASES,0.014498933901918977,204,2
PACK OF 60 MUSHROOM CAKE CASES|PACK OF 72 RETRO SPOT CAKE CASES,0.013219616204690832,186,2
PACK OF 60 DINOSAUR CAKE CASES|PACK OF 60 MUSHROOM CAKE CASES,0.013361762615493959,188,2
PACK OF 60 MUSHROOM CAKE CASES|PACK OF 72 SKULL CAKE CASES,0.009950248756218905,140,2
PACK OF 60 MUSHROOM CAKE CASES|PACK OF 60 SPACEBOY CAKE CASES,0.010092395167022032,142,2
60 TEATIME FAIRY CAKE CASES|72 SWEETHEART FAIRY CAKE CASES|PACK OF 60 MUSHROOM CAKE CASES,0.007746979388770434,109,3
72 SWEETHEART FAIRY CAKE CASES|PACK OF 60 MUSHROOM CAKE CASES|PACK OF 60 PINK PAISLEY CAKE CASES,0.0073916133617626155,104,3
60 TEATIME FAIRY CAKE CASES|PACK OF 60 MUSHROOM CAKE CASES|PACK OF 60 PINK PAISLEY CAKE CASES,0.009310589907604833,131,3
60 TEATIME FAIRY CAKE CASES|PACK OF 60 MUSHROOM CAKE CASES|PACK OF 72 RETRO SPOT CAKE CASES,0.007818052594171997,110,3
PACK OF 60 MUSHROOM CAKE CASES|PACK OF 60 PINK PAISLEY CAKE CASES|PACK OF 72 RETRO SPOT CAKE CASES,0.0073916133617626155,104,3
PACK OF 60 DINOSAUR CAKE CASES|PACK OF 60 MUSHROOM CAKE CASES|PACK OF 60 PINK PAISLEY CAKE CASES,0.007178393745557924,101,3
60 TEATIME FAIRY CAKE CASES|PACK OF 60 DINOSAUR CAKE CASES|PACK OF 60 MUSHROOM CAKE CASES,0.008742004264392323,122,3
PACK OF 72 RETRO SPOT CAKE CASES|RED SPOTTY SHOPPER BAG,0.008173418621179816,115,2
LUNCH BAG RED SPOTTY|RED SPOTTY SHOPPER BAG,0.00923951670220327,130,2
RED SPOTTY CHARLOTTE BAG|RED SPOTTY SHOPPER BAG,0.007533759772565742,106,2
JUMBO BAG STRAWBERRY|RED SPOTTY SHOPPER BAG,0.0073916133617626155,104,2
RED GINGHAM ROSE JEWELLERY BOX|WHITE HANGING HEART T-LIGHT HOLDER,0.010589907604832978,149,2
PACK 20 ENGLISH ROSE PAPER NAPKINS|SET/20 RED SPOTTY PAPER NAPKINS,0.013219616204690832,186,2
PACK 20 ENGLISH ROSE PAPER NAPKINS|WHITE HANGING HEART T-LIGHT HOLDER,0.008813077469793887,123,2
60 TEATIME FAIRY CAKE CASES|PACK 20 ENGLISH ROSE PAPER NAPKINS,0.007533759772565742,106,2
REX CASH+CARRY JUMBO SHOPPER|WHITE HANGING HEART T-LIGHT HOLDER,0.019402985074626865,273,2
60 TEATIME FAIRY CAKE CASES|REX CASH+CARRY JUMBO SHOPPER,0.007178393745557924,101,2
HOME BUILDING BLOCK WORD|REX CASH+CARRY JUMBO SHOPPER,0.00824449182658138,116,2
LUNCH BAG  BLACK SKULL.|STRAWBERRY CERAMIC TRINKET BOX,0.009168443496801706,129,2
LUNCH BAG  BLACK SKULL.|LUNCH BAG RED SPOTTY,0.028642501776830136,403,2
LUNCH BAG  BLACK SKULL.|WHITE HANGING HEART T-LIGHT HOLDER,0.016346837242359632,230,2
60 TEATIME FAIRY CAKE CASES|LUNCH BAG  BLACK SKULL.,0.009381663113006396,132,2
LUNCH BAG  BLACK SKULL.|PACK OF 72 RETRO SPOT CAKE CASES,0.00824449182658138,116,2
HEART OF WICKER LARGE|LUNCH BAG  BLACK SKULL.,0.00767590618336887,108,2
JUMBO BAG RED RETROSPOT|LUNCH BAG  BLACK SKULL.,0.011442786069651741,161,2
LUNCH BAG  BLACK SKULL.|LUNCH BAG RED SPOTTY|WHITE HANGING HEART T-LIGHT HOLDER,0.0073916133617626155,104,3
CREAM HEART CARD HOLDER|WHITE HANGING HEART T-LIGHT HOLDER,0.022885572139303482,322,2
CREAM HEART CARD HOLDER|WOODEN FRAME ANTIQUE WHITE,0.008031272210376687,112,2
CREAM HEART CARD HOLDER|HOME BUILDING BLOCK WORD,0.00845771144278607,119,2
CREAM HEART CARD HOLDER|LOVE BUILDING BLOCK WORD,0.007960199004975124,112,2
CREAM HEART CARD HOLDER|RED HANGING HEART T-LIGHT HOLDER,0.008315565031982943,117,2
FELTCRAFT BUTTERFLY HEARTS|PINK CREAM FELT CRAFT TRINKET BOX,0.01357498223169865,191,2
FELTCRAFT BUTTERFLY HEARTS|WHITE HANGING HEART T-LIGHT HOLDER,0.011656005685856433,164,2
FELTCRAFT 6 FLOWER FRIENDS|FELTCRAFT BUTTERFLY HEARTS,0.02025586353944563,285,2
JUMBO BAG OWLS|JUMBO STORAGE BAG SUKI,0.01791044776119403,252,2
JUMBO BAG OWLS|JUMBO BAG STRAWBERRY,0.013361762615493959,188,2
JUMBO  BAG BAROQUE BLACK WHITE|JUMBO BAG OWLS,0.012437810945273632,175,2
JUMBO BAG OWLS|JUMBO BAG PINK VINTAGE PAISLEY,0.008599857853589197,121,2
JUMBO BAG OWLS|JUMBO BAG SCANDINAVIAN PAISLEY,0.008884150675195452,125,2
JUMBO BAG OWLS|JUMBO STORAGE BAG SKULLS,0.009381663113006396,132,2
JUMBO BAG OWLS|WHITE HANGING HEART T-LIGHT HOLDER,0.007746979388770434,109,2
JUMBO BAG OWLS|JUMBO SHOPPER VINTAGE RED PAISLEY,0.01122956645344705,158,2
JUMBO BAG OWLS|JUMBO BAG PINK WITH WHITE SPOTS,0.0073916133617626155,104,2
JUMBO BAG OWLS|LUNCH BAG SUKI  DESIGN,0.007320540156361052,103,2
JUMBO BAG OWLS|JUMBO BAG RED RETROSPOT,0.012864250177683013,181,2
JUMBO BAG OWLS|JUMBO BAG STRAWBERRY|JUMBO STORAGE BAG SUKI,0.008173418621179816,115,3
JUMBO BAG OWLS|JUMBO BAG RED RETROSPOT|JUMBO STORAGE BAG SUKI,0.007960199004975124,112,3
3 STRIPEY MICE FELTCRAFT|FELTCRAFT BUTTERFLY HEARTS,0.014783226723525231,208,2
3 STRIPEY MICE FELTCRAFT|PINK CREAM FELT CRAFT TRINKET BOX,0.008813077469793887,123,2
3 STRIPEY MICE FELTCRAFT|FELTCRAFT 6 FLOWER FRIENDS,0.015209665955934613,214,2
3 STRIPEY MICE FELTCRAFT|FELTCRAFT 6 FLOWER FRIENDS|FELTCRAFT BUTTERFLY HEARTS,0.00867093105899076,121,3
JUMBO BAG OWLS|JUMBO BAG WOODLAND ANIMALS,0.012295664534470504,173,2
JUMBO BAG WOODLAND ANIMALS|JUMBO STORAGE BAG SUKI,0.011940298507462687,168,2
JUMBO BAG WOODLAND ANIMALS|WOODLAND CHARLOTTE BAG,0.0073916133617626155,104,2
JUMBO BAG WOODLAND ANIMALS|LUNCH BAG WOODLAND,0.00767590618336887,108,2
JUMBO BAG STRAWBERRY|JUMBO BAG WOODLAND ANIMALS,0.010021321961620469,141,2
JUMBO BAG WOODLAND ANIMALS|JUMBO SHOPPER VINTAGE RED PAISLEY,0.00767590618336887,108,2
JUMBO BAG RED RETROSPOT|JUMBO BAG WOODLAND ANIMALS,0.00945273631840796,133,2
PACK OF 72 RETRO SPOT CAKE CASES|SET/20 RED SPOTTY PAPER NAPKINS,0.017839374555792466,251,2
60 TEATIME FAIRY CAKE CASES|SET/20 RED SPOTTY PAPER NAPKINS,0.011727078891257996,165,2
SET/20 RED SPOTTY PAPER NAPKINS|WHITE HANGING HEART T-LIGHT HOLDER,0.011513859275053304,162,2
LUNCH BAG RED SPOTTY|SET/20 RED SPOTTY PAPER NAPKINS,0.009594882729211088,135,2
PACK OF 60 PINK PAISLEY CAKE CASES|SET/20 RED SPOTTY PAPER NAPKINS,0.009737029140014215,137,2
60 TEATIME FAIRY CAKE CASES|PACK OF 72 RETRO SPOT CAKE CASES|SET/20 RED SPOTTY PAPER NAPKINS,0.008031272210376687,112,3
STRAWBERRY CERAMIC TRINKET BOX|TEA TIME CAKE STAND IN GIFT BOX,0.007960199004975124,112,2
TEA TIME CAKE STAND IN GIFT BOX|WHITE HANGING HEART T-LIGHT HOLDER,0.008528784648187633,120,2
60 TEATIME FAIRY CAKE CASES|TEA TIME CAKE STAND IN GIFT BOX,0.007818052594171997,110,2
JUMBO  BAG BAROQUE BLACK WHITE|LUNCH BAG RED SPOTTY,0.009665955934612652,136,2
JUMBO  BAG BAROQUE BLACK WHITE|LUNCH BAG  BLACK SKULL.,0.009523809523809525,134,2
JUMBO  BAG BAROQUE BLACK WHITE|JUMBO STORAGE BAG SUKI,0.02061122956645345,290,2
JUMBO  BAG BAROQUE BLACK WHITE|JUMBO BAG STRAWBERRY,0.021535181236673775,303,2
JUMBO  BAG BAROQUE BLACK WHITE|LUNCH BAG CARS BLUE,0.007320540156361052,103,2
JUMBO  BAG BAROQUE BLACK WHITE|WHITE HANGING HEART T-LIGHT HOLDER,0.012366737739872069,174,2
JUMBO  BAG BAROQUE BLACK WHITE|JUMBO SHOPPER VINTAGE RED PAISLEY,0.017199715707178393,242,2
JUMBO  BAG BAROQUE BLACK WHITE|LUNCH BAG SUKI  DESIGN,0.009737029140014215,137,2
JUMBO  BAG BAROQUE BLACK WHITE|JUMBO BAG RED RETROSPOT,0.020042643923240937,282,2
JUMBO  BAG BAROQUE BLACK WHITE|JUMBO BAG STRAWBERRY|JUMBO STORAGE BAG SUKI,0.010874200426439232,153,3
JUMBO  BAG BAROQUE BLACK WHITE|JUMBO SHOPPER VINTAGE RED PAISLEY|JUMBO STORAGE BAG SUKI,0.00923951670220327,130,3
JUMBO  BAG BAROQUE BLACK WHITE|JUMBO BAG STRAWBERRY|JUMBO SHOPPER VINTAGE RED PAISLEY,0.007818052594171997,110,3
JUMBO  BAG BAROQUE BLACK WHITE|JUMBO BAG RED RETROSPOT|JUMBO SHOPPER VINTAGE RED PAISLEY,0.008173418621179816,115,3
JUMBO  BAG BAROQUE BLACK WHITE|JUMBO BAG RED RETROSPOT|JUMBO BAG STRAWBERRY,0.009523809523809525,134,3
JUMBO  BAG BAROQUE BLACK WHITE|JUMBO BAG RED RETROSPOT|JUMBO STORAGE BAG SUKI,0.009381663113006396,132,3
"KEY FOB , SHED|WHITE HANGING HEART T-LIGHT HOLDER",0.008884150675195452,125,2
WHITE HANGING HEART T-LIGHT HOLDER|WOODEN PICTURE FRAME WHITE FINISH,0.027221037668798864,383,2
WOODEN FRAME ANTIQUE WHITE|WOODEN PICTURE FRAME WHITE FINISH,0.03937455579246624,554,2
HOME BUILDING BLOCK WORD|WOODEN PICTURE FRAME WHITE FINISH,0.00945273631840796,133,2
LOVE BUILDING BLOCK WORD|WOODEN PICTURE FRAME WHITE FINISH,0.008884150675195452,125,2
RED HANGING HEART T-LIGHT HOLDER|WOODEN PICTURE FRAME WHITE FINISH,0.009381663113006396,132,2
ASSORTED COLOUR BIRD ORNAMENT|WOODEN PICTURE FRAME WHITE FINISH,0.008315565031982943,117,2
REGENCY CAKESTAND 3 TIER|WOODEN PICTURE FRAME WHITE FINISH,0.00767590618336887,108,2
HEART OF WICKER LARGE|WOODEN PICTURE FRAME WHITE FINISH,0.00824449182658138,116,2
WHITE HANGING HEART T-LIGHT HOLDER|WOODEN FRAME ANTIQUE WHITE|WOODEN PICTURE FRAME WHITE FINISH,0.01954513148542999,275,3
RED HANGING HEART T-LIGHT HOLDER|WHITE HANGING HEART T-LIGHT HOLDER|WOODEN PICTURE FRAME WHITE FINISH,0.007960199004975124,112,3
VINTAGE UNION JACK BUNTING|WHITE HANGING HEART T-LIGHT HOLDER,0.015209665955934613,214,2
LOVE BUILDING BLOCK WORD|VINTAGE UNION JACK BUNTING,0.007249466950959489,102,2
HOME BUILDING BLOCK WORD|VINTAGE UNION JACK BUNTING,0.00824449182658138,116,2
REGENCY CAKESTAND 3 TIER|VINTAGE UNION JACK BUNTING,0.007746979388770434,109,2
VINTAGE UNION JACK CUSHION COVER|WHITE HANGING HEART T-LIGHT HOLDER,0.010732054015636105,151,2
VINTAGE UNION JACK BUNTING|VINTAGE UNION JACK CUSHION COVER,0.009950248756218905,140,2
PACK OF 72 RETRO SPOT CAKE CASES|SET OF 72 RETRO SPOT PAPER  DOILIES,0.016702203269367447,234,2
SET OF 72 RETRO SPOT PAPER  DOILIES|SET/5 RED SPOTTY LID GLASS BOWLS,0.00845771144278607,119,2
SET OF 72 RETRO SPOT PAPER  DOILIES|SET/20 RED SPOTTY PAPER NAPKINS,0.009168443496801706,129,2
60 TEATIME FAIRY CAKE CASES|SET OF 72 RETRO SPOT PAPER  DOILIES,0.008884150675195452,125,2
PACK OF 60 PINK PAISLEY CAKE CASES|SET OF 72 RETRO SPOT PAPER  DOILIES,0.008386638237384506,118,2
PARTY BUNTING|VINTAGE UNION JACK BUNTING,0.008315565031982943,117,2
PARTY BUNTING|WHITE HANGING HEART T-LIGHT HOLDER,0.011727078891257996,165,2
60 TEATIME FAIRY CAKE CASES|72 SWEETHEART FAIRY CAKE CASES,0.025657427149964464,361,2
72 SWEETHEART FAIRY CAKE CASES|PACK OF 72 RETRO SPOT CAKE CASES,0.02025586353944563,285,2
72 SWEETHEART FAIRY CAKE CASES|WHITE HANGING HEART T-LIGHT HOLDER,0.01279317697228145,180,2
72 SWEETHEART FAIRY CAKE CASES|STRAWBERRY CERAMIC TRINKET BOX,0.008599857853589197,121,2
72 SWEETHEART FAIRY CAKE CASES|SET/20 RED SPOTTY PAPER NAPKINS,0.007178393745557924,101,2
72 SWEETHEART FAIRY CAKE CASES|PACK OF 60 PINK PAISLEY CAKE CASES,0.02103766879886283,296,2
60 TEATIME FAIRY CAKE CASES|72 SWEETHEART FAIRY CAKE CASES|PACK OF 72 RETRO SPOT CAKE CASES,0.01300639658848614,183,3
72 SWEETHEART FAIRY CAKE CASES|PACK OF 60 PINK PAISLEY CAKE CASES|PACK OF 72 RETRO SPOT CAKE CASES,0.010874200426439232,153,3
60 TEATIME FAIRY CAKE CASES|72 SWEETHEART FAIRY CAKE CASES|PACK OF 60 PINK PAISLEY CAKE CASES|PACK OF 72 RETRO SPOT CAKE CASES,0.008173418621179816,115,4
60 TEATIME FAIRY CAKE CASES|72 SWEETHEART FAIRY CAKE CASES|WHITE HANGING HEART T-LIGHT HOLDER,0.007178393745557924,101,3
60 TEATIME FAIRY CAKE CASES|72 SWEETHEART FAIRY CAKE CASES|PACK OF 60 PINK PAISLEY CAKE CASES,0.014712153518123668,207,3
HEART IVORY TRELLIS LARGE|HEART IVORY TRELLIS SMALL,0.011584932480454868,163,2
HEART IVORY TRELLIS SMALL|ZINC METAL HEART DECORATION,0.007178393745557924,101,2
HEART IVORY TRELLIS SMALL|WHITE HANGING HEART T-LIGHT HOLDER,0.013361762615493959,188,2
HEART FILIGREE DOVE  SMALL|HEART IVORY TRELLIS SMALL,0.010803127221037668,152,2
JUMBO BAG STRAWBERRY|WHITE HANGING HEART T-LIGHT HOLDER,0.014641080312722104,206,2
JUMBO BAG STRAWBERRY|JUMBO STORAGE BAG SUKI,0.024164889836531627,340,2
JUMBO BAG STRAWBERRY|PACK OF 72 RETRO SPOT CAKE CASES,0.00824449182658138,116,2
JUMBO BAG STRAWBERRY|LUNCH BAG  BLACK SKULL.,0.009168443496801706,129,2
60 TEATIME FAIRY CAKE CASES|JUMBO BAG STRAWBERRY,0.00845771144278607,119,2
JUMBO BAG STRAWBERRY|STRAWBERRY CERAMIC TRINKET BOX,0.007178393745557924,101,2
JUMBO BAG STRAWBERRY|LUNCH BAG RED SPOTTY,0.01201137171286425,169,2
JUMBO BAG STRAWBERRY|JUMBO SHOPPER VINTAGE RED PAISLEY,0.018976545842217484,267,2
JUMBO BAG STRAWBERRY|LUNCH BAG SUKI  DESIGN,0.011584932480454868,163,2
JUMBO BAG STRAWBERRY|LUNCH BAG SPACEBOY DESIGN,0.00845771144278607,119,2
JUMBO BAG STRAWBERRY|REGENCY CAKESTAND 3 TIER,0.007320540156361052,103,2
JUMBO BAG RED RETROSPOT|JUMBO BAG STRAWBERRY,0.022743425728500355,320,2
JUMBO BAG STRAWBERRY|JUMBO SHOPPER VINTAGE RED PAISLEY|JUMBO STORAGE BAG SUKI,0.010376687988628288,146,3
JUMBO BAG RED RETROSPOT|JUMBO BAG STRAWBERRY|JUMBO SHOPPER VINTAGE RED PAISLEY,0.008386638237384506,118,3
JUMBO BAG STRAWBERRY|JUMBO STORAGE BAG SUKI|LUNCH BAG SUKI  DESIGN,0.00767590618336887,108,3
JUMBO BAG RED RETROSPOT|JUMBO BAG STRAWBERRY|JUMBO STORAGE BAG SUKI,0.010589907604832978,149,3
60 TEATIME FAIRY CAKE CASES|PACK OF 72 SKULL CAKE CASES,0.020540156361051883,289,2
PACK OF 72 RETRO SPOT CAKE CASES|PACK OF 72 SKULL CAKE CASES,0.019260838663823738,271,2
PACK OF 60 PINK PAISLEY CAKE CASES|PACK OF 72 SKULL CAKE CASES,0.016702203269367447,234,2
PACK OF 72 SKULL CAKE CASES|STRAWBERRY CERAMIC TRINKET BOX,0.007107320540156361,100,2
72 SWEETHEART FAIRY CAKE CASES|PACK OF 72 SKULL CAKE CASES,0.014285714285714285,201,2
LUNCH BAG  BLACK SKULL.|PACK OF 72 SKULL CAKE CASES,0.010732054015636105,151,2
LUNCH BAG WOODLAND|PACK OF 72 SKULL CAKE CASES,0.007604832977967307,107,2
PACK OF 72 SKULL CAKE CASES|WHITE HANGING HEART T-LIGHT HOLDER,0.009879175550817342,139,2
LUNCH BAG SUKI  DESIGN|PACK OF 72 SKULL CAKE CASES,0.007178393745557924,101,2
60 TEATIME FAIRY CAKE CASES|PACK OF 72 RETRO SPOT CAKE CASES|PACK OF 72 SKULL CAKE CASES,0.010660980810234541,150,3
60 TEATIME FAIRY CAKE CASES|PACK OF 60 PINK PAISLEY CAKE CASES|PACK OF 72 SKULL CAKE CASES,0.01122956645344705,158,3
PACK OF 60 PINK PAISLEY CAKE CASES|PACK OF 72 RETRO SPOT CAKE CASES|PACK OF 72 SKULL CAKE CASES,0.00810234541577825,113,3
60 TEATIME FAIRY CAKE CASES|72 SWEETHEART FAIRY CAKE CASES|PACK OF 72 SKULL CAKE CASES,0.009097370291400142,128,3
72 SWEETHEART FAIRY CAKE CASES|PACK OF 60 PINK PAISLEY CAKE CASES|PACK OF 72 SKULL CAKE CASES,0.0073916133617626155,104,3
60 TEATIME FAIRY CAKE CASES|PACK OF 60 DINOSAUR CAKE CASES,0.025373134328358207,357,2
PACK OF 60 DINOSAUR CAKE CASES|PACK OF 60 PINK PAISLEY CAKE CASES,0.020753375977256575,292,2
PACK OF 60 DINOSAUR CAKE CASES|PACK OF 72 RETRO SPOT CAKE CASES,0.01982942430703625,279,2
PACK OF 60 DINOSAUR CAKE CASES|PACK OF 72 SKULL CAKE CASES,0.016844349680170574,236,2
72 SWEETHEART FAIRY CAKE CASES|PACK OF 60 DINOSAUR CAKE CASES,0.017270788912579958,243,2
PACK OF 60 DINOSAUR CAKE CASES|WHITE HANGING HEART T-LIGHT HOLDER,0.007960199004975124,112,2
60 TEATIME FAIRY CAKE CASES|PACK OF 60 DINOSAUR CAKE CASES|PACK OF 60 PINK PAISLEY CAKE CASES,0.013930348258706468,196,3
60 TEATIME FAIRY CAKE CASES|PACK OF 60 DINOSAUR CAKE CASES|PACK OF 72 RETRO SPOT CAKE CASES,0.013432835820895522,189,3
PACK OF 60 DINOSAUR CAKE CASES|PACK OF 60 PINK PAISLEY CAKE CASES|PACK OF 72 RETRO SPOT CAKE CASES,0.010874200426439232,153,3
60 TEATIME FAIRY CAKE CASES|PACK OF 60 DINOSAUR CAKE CASES|PACK OF 60 PINK PAISLEY CAKE CASES|PACK OF 72 RETRO SPOT CAKE CASES,0.007960199004975124,112,4
60 TEATIME FAIRY CAKE CASES|PACK OF 60 DINOSAUR CAKE CASES|PACK OF 72 SKULL CAKE CASES,0.011727078891257996,165,3
PACK OF 60 DINOSAUR CAKE CASES|PACK OF 72 RETRO SPOT CAKE CASES|PACK OF 72 SKULL CAKE CASES,0.009097370291400142,128,3
PACK OF 60 DINOSAUR CAKE CASES|PACK OF 60 PINK PAISLEY CAKE CASES|PACK OF 72 SKULL CAKE CASES,0.00867093105899076,121,3
72 SWEETHEART FAIRY CAKE CASES|PACK OF 60 DINOSAUR CAKE CASES|PACK OF 72 SKULL CAKE CASES,0.007462686567164179,105,3
72 SWEETHEART FAIRY CAKE CASES|PACK OF 60 DINOSAUR CAKE CASES|PACK OF 60 PINK PAISLEY CAKE CASES,0.009808102345415778,138,3
72 SWEETHEART FAIRY CAKE CASES|PACK OF 60 DINOSAUR CAKE CASES|PACK OF 72 RETRO SPOT CAKE CASES,0.008955223880597015,126,3
60 TEATIME FAIRY CAKE CASES|72 SWEETHEART FAIRY CAKE CASES|PACK OF 60 DINOSAUR CAKE CASES,0.012295664534470504,173,3
60 TEATIME FAIRY CAKE CASES|72 SWEETHEART FAIRY CAKE CASES|PACK OF 60 DINOSAUR CAKE CASES|PACK OF 60 PINK PAISLEY CAKE CASES,0.007604832977967307,107,4
60 TEATIME FAIRY CAKE CASES|72 SWEETHEART FAIRY CAKE CASES|PACK OF 60 DINOSAUR CAKE CASES|PACK OF 72 RETRO SPOT CAKE CASES,0.007320540156361052,103,4
COLOUR GLASS T-LIGHT HOLDER HANGING|WHITE HANGING HEART T-LIGHT HOLDER,0.012935323383084577,182,2
BEWARE OF THE CAT METAL SIGN|NO SINGING METAL SIGN,0.009523809523809525,134,2
BEWARE OF THE CAT METAL SIGN|COOK WITH WINE METAL SIGN,0.010803127221037668,152,2
BEWARE OF THE CAT METAL SIGN|GIN + TONIC DIET METAL SIGN,0.010589907604832978,149,2
BEWARE OF THE CAT METAL SIGN|HAND OVER THE CHOCOLATE   SIGN,0.009808102345415778,138,2
BEWARE OF THE CAT METAL SIGN|HOT BATHS METAL SIGN,0.007249466950959489,102,2
BEWARE OF THE CAT METAL SIGN|WHITE HANGING HEART T-LIGHT HOLDER,0.008813077469793887,123,2
BEWARE OF THE CAT METAL SIGN|POTTERING IN THE SHED METAL SIGN,0.007107320540156361,100,2
BEWARE OF THE CAT METAL SIGN|PLEASE ONE PERSON METAL SIGN,0.00845771144278607,119,2
SET OF 3 HEART COOKIE CUTTERS|WHITE HANGING HEART T-LIGHT HOLDER,0.007746979388770434,109,2
RED SPOTTY CHARLOTTE BAG|STRAWBERRY CHARLOTTE BAG,0.01734186211798152,243,2
STRAWBERRY CHARLOTTE BAG|WOODLAND CHARLOTTE BAG,0.01357498223169865,191,2
LUNCH BAG RED SPOTTY|STRAWBERRY CHARLOTTE BAG,0.01023454157782516,144,2
LUNCH BAG WOODLAND|STRAWBERRY CHARLOTTE BAG,0.008599857853589197,121,2
STRAWBERRY CHARLOTTE BAG|WHITE HANGING HEART T-LIGHT HOLDER,0.00845771144278607,119,2
LUNCH BAG  BLACK SKULL.|STRAWBERRY CHARLOTTE BAG,0.008173418621179816,115,2
JUMBO BAG STRAWBERRY|STRAWBERRY CHARLOTTE BAG,0.009950248756218905,140,2
LUNCH BAG CARS BLUE|STRAWBERRY CHARLOTTE BAG,0.00824449182658138,116,2
JUMBO STORAGE BAG SUKI|STRAWBERRY CHARLOTTE BAG,0.00788912579957356,111,2
LUNCH BAG SUKI  DESIGN|STRAWBERRY CHARLOTTE BAG,0.009665955934612652,136,2
LUNCH BAG SPACEBOY DESIGN|STRAWBERRY CHARLOTTE BAG,0.00824449182658138,116,2
LUNCH BAG PINK RETROSPOT|STRAWBERRY CHARLOTTE BAG,0.007320540156361052,103,2
RED SPOTTY CHARLOTTE BAG|STRAWBERRY CHARLOTTE BAG|WOODLAND CHARLOTTE BAG,0.00845771144278607,119,3
LUNCH BAG RED SPOTTY|RED SPOTTY CHARLOTTE BAG|STRAWBERRY CHARLOTTE BAG,0.007320540156361052,103,3
TEA TIME TEA TOWELS|WHITE HANGING HEART T-LIGHT HOLDER,0.008884150675195452,125,2
STRAWBERRY CERAMIC TRINKET BOX|TEA TIME TEA TOWELS,0.0073916133617626155,104,2
60 TEATIME FAIRY CAKE CASES|TEA TIME TEA TOWELS,0.007960199004975124,112,2
CREAM CUPID HEARTS COAT HANGER|WHITE HANGING HEART T-LIGHT HOLDER,0.016275764036958067,229,2
CREAM CUPID HEARTS COAT HANGER|WOODEN FRAME ANTIQUE WHITE,0.010518834399431415,148,2
CREAM CUPID HEARTS COAT HANGER|WOODEN PICTURE FRAME WHITE FINISH,0.010376687988628288,146,2
CREAM CUPID HEARTS COAT HANGER|WOOD S/3 CABINET ANT WHITE FINISH,0.00923951670220327,130,2
CREAM CUPID HEARTS COAT HANGER|WOOD 2 DRAWER CABINET WHITE FINISH,0.008528784648187633,120,2
CREAM CUPID HEARTS COAT HANGER|WOODEN FRAME ANTIQUE WHITE|WOODEN PICTURE FRAME WHITE FINISH,0.00824449182658138,116,3
HOT BATHS METAL SIGN|WHITE HANGING HEART T-LIGHT HOLDER,0.009381663113006396,132,2
BATHROOM METAL SIGN|HOT BATHS METAL SIGN,0.008955223880597015,126,2
HAND OVER THE CHOCOLATE   SIGN|HOT BATHS METAL SIGN,0.010945273631840797,154,2
GIN + TONIC DIET METAL SIGN|HOT BATHS METAL SIGN,0.010305614783226724,145,2
HOT BATHS METAL SIGN|NO SINGING METAL SIGN,0.00923951670220327,130,2
COOK WITH WINE METAL SIGN|HOT BATHS METAL SIGN,0.00788912579957356,111,2
HOT BATHS METAL SIGN|LADIES & GENTLEMEN METAL SIGN,0.00788912579957356,111,2
HOT BATHS METAL SIGN|PLEASE ONE PERSON METAL SIGN,0.008031272210376687,112,2
BATHROOM METAL SIGN|TOILET METAL SIGN,0.02444918265813788,344,2
TOILET METAL SIGN|WHITE HANGING HEART T-LIGHT HOLDER,0.01023454157782516,144,2
HAND OVER THE CHOCOLATE   SIGN|TOILET METAL SIGN,0.007178393745557924,101,2
BATHROOM METAL SIGN|TOILET METAL SIGN|WHITE HANGING HEART T-LIGHT HOLDER,0.008528784648187633,120,3
60 TEATIME FAIRY CAKE CASES|SET OF 36 TEATIME PAPER DOILIES,0.015636105188343994,220,2
PACK OF 72 RETRO SPOT CAKE CASES|SET OF 36 TEATIME PAPER DOILIES,0.008173418621179816,115,2
PACK OF 60 PINK PAISLEY CAKE CASES|SET OF 36 TEATIME PAPER DOILIES,0.008031272210376687,112,2
SET OF 36 TEATIME PAPER DOILIES|SET OF 72 RETRO SPOT PAPER  DOILIES,0.009168443496801706,129,2
METAL 4 HOOK HANGER FRENCH CHATEAU|WHITE HANGING HEART T-LIGHT HOLDER,0.012935323383084577,182,2
METAL 4 HOOK HANGER FRENCH CHATEAU|WOODEN FRAME ANTIQUE WHITE,0.007604832977967307,107,2
HANGING JAM JAR T-LIGHT HOLDER|WHITE HANGING HEART T-LIGHT HOLDER,0.010376687988628288,146,2
COLOUR GLASS T-LIGHT HOLDER HANGING|HANGING JAM JAR T-LIGHT HOLDER,0.00845771144278607,119,2
SINGLE HEART ZINC T-LIGHT HOLDER|WHITE HANGING HEART T-LIGHT HOLDER,0.012722103766879886,179,2
HANGING HEART ZINC T-LIGHT HOLDER|SINGLE HEART ZINC T-LIGHT HOLDER,0.020895522388059702,294,2
SINGLE HEART ZINC T-LIGHT HOLDER|ZINC METAL HEART DECORATION,0.00824449182658138,116,2
HANGING HEART ZINC T-LIGHT HOLDER|SINGLE HEART ZINC T-LIGHT HOLDER|WHITE HANGING HEART T-LIGHT HOLDER,0.008173418621179816,115,3
FELTCRAFT 6 FLOWER FRIENDS|WHITE HANGING HEART T-LIGHT HOLDER,0.011513859275053304,162,2
FELTCRAFT 6 FLOWER FRIENDS|VINTAGE SNAP CARDS,0.00767590618336887,108,2
3 HEARTS HANGING DECORATION RUSTIC|HEART OF WICKER LARGE,0.009523809523809525,134,2
3 HEARTS HANGING DECORATION RUSTIC|WHITE HANGING HEART T-LIGHT HOLDER,0.009808102345415778,138,2
HANGING HEART JAR T-LIGHT HOLDER|WHITE HANGING HEART T-LIGHT HOLDER,0.01257995735607676,177,2
HANGING HEART JAR T-LIGHT HOLDER|HANGING HEART ZINC T-LIGHT HOLDER,0.0073916133617626155,104,2
PINK HAPPY BIRTHDAY BUNTING|WHITE HANGING HEART T-LIGHT HOLDER,0.007462686567164179,105,2
PARTY BUNTING|PINK HAPPY BIRTHDAY BUNTING,0.007462686567164179,105,2
DOOR MAT UNION FLAG|WHITE HANGING HEART T-LIGHT HOLDER,0.011940298507462687,168,2
ROUND SNACK BOXES SET OF 4 FRUITS|ROUND SNACK BOXES SET OF4 WOODLAND,0.01712864250177683,241,2
POSTAGE|ROUND SNACK BOXES SET OF 4 FRUITS,0.007462686567164179,105,2
LUNCH BAG RED SPOTTY|ROUND SNACK BOXES SET OF 4 FRUITS,0.008173418621179816,115,2
LUNCH BAG WOODLAND|ROUND SNACK BOXES SET OF 4 FRUITS,0.00767590618336887,108,2
LUNCH BAG SUKI  DESIGN|ROUND SNACK BOXES SET OF 4 FRUITS,0.00867093105899076,121,2
LUNCH BAG SPACEBOY DESIGN|ROUND SNACK BOXES SET OF 4 FRUITS,0.008386638237384506,118,2
POSTAGE|ROUND SNACK BOXES SET OF4 WOODLAND,0.01201137171286425,169,2
LUNCH BAG WOODLAND|ROUND SNACK BOXES SET OF4 WOODLAND,0.010021321961620469,141,2
LUNCH BAG RED SPOTTY|ROUND SNACK BOXES SET OF4 WOODLAND,0.007746979388770434,109,2
LUNCH BAG SUKI  DESIGN|ROUND SNACK BOXES SET OF4 WOODLAND,0.008599857853589197,121,2
LUNCH BAG SPACEBOY DESIGN|ROUND SNACK BOXES SET OF4 WOODLAND,0.007320540156361052,103,2
RECYCLING BAG RETROSPOT|TOY TIDY PINK RETROSPOT,0.01570717839374556,221,2
JUMBO BAG PINK WITH WHITE SPOTS|TOY TIDY PINK RETROSPOT,0.009879175550817342,139,2
LUNCH BAG PINK RETROSPOT|TOY TIDY PINK RETROSPOT,0.00788912579957356,111,2
RECYCLING BAG RETROSPOT|WHITE HANGING HEART T-LIGHT HOLDER,0.00810234541577825,113,2
LUNCH BAG RED SPOTTY|RECYCLING BAG RETROSPOT,0.008528784648187633,120,2
JUMBO STORAGE BAG SUKI|RECYCLING BAG RETROSPOT,0.007960199004975124,112,2
LUNCH BAG CARS BLUE|RECYCLING BAG RETROSPOT,0.007533759772565742,106,2
JUMBO BAG PINK WITH WHITE SPOTS|RECYCLING BAG RETROSPOT,0.00824449182658138,116,2
JUMBO SHOPPER VINTAGE RED PAISLEY|RECYCLING BAG RETROSPOT,0.00824449182658138,116,2
JUMBO BAG STRAWBERRY|RECYCLING BAG RETROSPOT,0.007320540156361052,103,2
LUNCH BAG SPACEBOY DESIGN|RECYCLING BAG RETROSPOT,0.009594882729211088,135,2
LUNCH BAG SUKI  DESIGN|RECYCLING BAG RETROSPOT,0.008386638237384506,118,2
JUMBO BAG RED RETROSPOT|RECYCLING BAG RETROSPOT,0.009737029140014215,137,2
JUMBO BAG PINK WITH WHITE SPOTS|JUMBO BAG STRAWBERRY,0.02046908315565032,288,2
JUMBO BAG PINK WITH WHITE SPOTS|JUMBO STORAGE BAG SUKI,0.01847903340440654,260,2
JUMBO  BAG BAROQUE BLACK WHITE|JUMBO BAG PINK WITH WHITE SPOTS,0.013717128642501776,193,2
JUMBO BAG PINK WITH WHITE SPOTS|JUMBO SHOPPER VINTAGE RED PAISLEY,0.01847903340440654,260,2
JUMBO BAG PINK WITH WHITE SPOTS|LUNCH BAG RED SPOTTY,0.013148542999289269,185,2
JUMBO BAG PINK WITH WHITE SPOTS|LUNCH BAG WOODLAND,0.00788912579957356,111,2
JUMBO BAG PINK WITH WHITE SPOTS|WHITE HANGING HEART T-LIGHT HOLDER,0.010447761194029851,147,2
JUMBO BAG PINK WITH WHITE SPOTS|PACK OF 72 RETRO SPOT CAKE CASES,0.00767590618336887,108,2
JUMBO BAG PINK WITH WHITE SPOTS|LUNCH BAG  BLACK SKULL.,0.008742004264392323,122,2
JUMBO BAG PINK WITH WHITE SPOTS|LUNCH BAG PINK RETROSPOT,0.016773276474769012,236,2
JUMBO BAG PINK WITH WHITE SPOTS|LUNCH BAG SUKI  DESIGN,0.01122956645344705,158,2
JUMBO BAG PINK WITH WHITE SPOTS|LUNCH BAG SPACEBOY DESIGN,0.009381663113006396,132,2
JUMBO BAG PINK WITH WHITE SPOTS|LUNCH BAG CARS BLUE,0.008813077469793887,123,2
JUMBO BAG PINK WITH WHITE SPOTS|JUMBO BAG RED RETROSPOT,0.016417910447761194,231,2
JUMBO BAG PINK WITH WHITE SPOTS|JUMBO BAG STRAWBERRY|JUMBO STORAGE BAG SUKI,0.010447761194029851,147,3
JUMBO BAG PINK WITH WHITE SPOTS|JUMBO SHOPPER VINTAGE RED PAISLEY|JUMBO STORAGE BAG SUKI,0.009879175550817342,139,3
JUMBO  BAG BAROQUE BLACK WHITE|JUMBO BAG PINK WITH WHITE SPOTS|JUMBO BAG STRAWBERRY,0.00845771144278607,119,3
JUMBO  BAG BAROQUE BLACK WHITE|JUMBO BAG PINK WITH WHITE SPOTS|JUMBO STORAGE BAG SUKI,0.0073916133617626155,104,3
JUMBO BAG PINK WITH WHITE SPOTS|JUMBO BAG STRAWBERRY|JUMBO SHOPPER VINTAGE RED PAISLEY,0.00923951670220327,130,3
JUMBO BAG PINK WITH WHITE SPOTS|LUNCH BAG PINK RETROSPOT|LUNCH BAG RED SPOTTY,0.009737029140014215,137,3
JUMBO BAG PINK WITH WHITE SPOTS|JUMBO BAG STRAWBERRY|LUNCH BAG PINK RETROSPOT,0.007178393745557924,101,3
JUMBO BAG PINK WITH WHITE SPOTS|LUNCH BAG PINK RETROSPOT|LUNCH BAG SUKI  DESIGN,0.00810234541577825,113,3
JUMBO BAG PINK WITH WHITE SPOTS|JUMBO STORAGE BAG SUKI|LUNCH BAG SUKI  DESIGN,0.007249466950959489,102,3
JUMBO BAG PINK WITH WHITE SPOTS|JUMBO BAG RED RETROSPOT|JUMBO BAG STRAWBERRY,0.008528784648187633,120,3
JUMBO BAG PINK WITH WHITE SPOTS|JUMBO BAG RED RETROSPOT|JUMBO STORAGE BAG SUKI,0.007604832977967307,107,3
JUMBO BAG PINK WITH WHITE SPOTS|JUMBO BAG SPACEBOY DESIGN,0.01457000710732054,205,2
JUMBO BAG SPACEBOY DESIGN|JUMBO SHOPPER VINTAGE RED PAISLEY,0.014356787491115849,202,2
JUMBO BAG SPACEBOY DESIGN|LUNCH BAG CARS BLUE,0.008031272210376687,112,2
JUMBO BAG SPACEBOY DESIGN|JUMBO STORAGE BAG SUKI,0.016773276474769012,236,2
JUMBO  BAG BAROQUE BLACK WHITE|JUMBO BAG SPACEBOY DESIGN,0.009523809523809525,134,2
JUMBO BAG PINK VINTAGE PAISLEY|JUMBO BAG SPACEBOY DESIGN,0.008742004264392323,122,2
JUMBO BAG SCANDINAVIAN PAISLEY|JUMBO BAG SPACEBOY DESIGN,0.008599857853589197,121,2
JUMBO BAG SPACEBOY DESIGN|JUMBO STORAGE BAG SKULLS,0.009879175550817342,139,2
JUMBO BAG OWLS|JUMBO BAG SPACEBOY DESIGN,0.008884150675195452,125,2
JUMBO BAG SPACEBOY DESIGN|JUMBO BAG STRAWBERRY,0.011158493248045487,157,2
JUMBO BAG SPACEBOY DESIGN|LUNCH BAG SPACEBOY DESIGN,0.01257995735607676,177,2
JUMBO BAG SPACEBOY DESIGN|LUNCH BAG SUKI  DESIGN,0.010803127221037668,152,2
JUMBO BAG SPACEBOY DESIGN|LUNCH BAG PINK RETROSPOT,0.008315565031982943,117,2
JUMBO BAG SPACEBOY DESIGN|LUNCH BAG RED SPOTTY,0.008173418621179816,115,2
JUMBO BAG SPACEBOY DESIGN|LUNCH BAG  BLACK SKULL.,0.007320540156361052,103,2
JUMBO BAG RED RETROSPOT|JUMBO BAG SPACEBOY DESIGN,0.012508884150675196,176,2
JUMBO BAG PINK WITH WHITE SPOTS|JUMBO BAG SPACEBOY DESIGN|JUMBO STORAGE BAG SUKI,0.00788912579957356,111,3
JUMBO BAG SPACEBOY DESIGN|JUMBO SHOPPER VINTAGE RED PAISLEY|JUMBO STORAGE BAG SUKI,0.008884150675195452,125,3
JUMBO BAG PINK WITH WHITE SPOTS|JUMBO BAG SPACEBOY DESIGN|JUMBO SHOPPER VINTAGE RED PAISLEY,0.007178393745557924,101,3
JUMBO BAG SPACEBOY DESIGN|JUMBO BAG STRAWBERRY|JUMBO STORAGE BAG SUKI,0.007249466950959489,102,3
JUMBO BAG SPACEBOY DESIGN|LUNCH BAG SPACEBOY DESIGN|LUNCH BAG SUKI  DESIGN,0.007178393745557924,101,3
JUMBO BAG RED RETROSPOT|JUMBO BAG SPACEBOY DESIGN|JUMBO STORAGE BAG SUKI,0.007462686567164179,105,3
JUMBO SHOPPER VINTAGE RED PAISLEY|JUMBO STORAGE BAG SUKI,0.02181947405828003,307,2
JUMBO SHOPPER VINTAGE RED PAISLEY|LUNCH BAG RED SPOTTY,0.01101634683724236,155,2
JUMBO SHOPPER VINTAGE RED PAISLEY|PACK OF 60 PINK PAISLEY CAKE CASES,0.007107320540156361,100,2
JUMBO SHOPPER VINTAGE RED PAISLEY|WHITE HANGING HEART T-LIGHT HOLDER,0.01101634683724236,155,2
JUMBO SHOPPER VINTAGE RED PAISLEY|LUNCH BAG  BLACK SKULL.,0.00867093105899076,121,2
JUMBO SHOPPER VINTAGE RED PAISLEY|LUNCH BAG SUKI  DESIGN,0.013432835820895522,189,2
JUMBO SHOPPER VINTAGE RED PAISLEY|REGENCY CAKESTAND 3 TIER,0.008599857853589197,121,2
JUMBO BAG RED RETROSPOT|JUMBO SHOPPER VINTAGE RED PAISLEY,0.019758351101634684,278,2
JUMBO SHOPPER VINTAGE RED PAISLEY|JUMBO STORAGE BAG SUKI|LUNCH BAG SUKI  DESIGN,0.00788912579957356,111,3
JUMBO BAG RED RETROSPOT|JUMBO SHOPPER VINTAGE RED PAISLEY|JUMBO STORAGE BAG SUKI,0.009097370291400142,128,3
GIN + TONIC DIET METAL SIGN|METAL SIGN TAKE IT OR LEAVE IT,0.011087420042643924,156,2
LADIES & GENTLEMEN METAL SIGN|METAL SIGN TAKE IT OR LEAVE IT,0.008173418621179816,115,2
COOK WITH WINE METAL SIGN|METAL SIGN TAKE IT OR LEAVE IT,0.01179815209665956,166,2
METAL SIGN TAKE IT OR LEAVE IT|WHITE HANGING HEART T-LIGHT HOLDER,0.009310589907604833,131,2
METAL SIGN TAKE IT OR LEAVE IT|PLEASE ONE PERSON METAL SIGN,0.01023454157782516,144,2
METAL SIGN TAKE IT OR LEAVE IT|NO SINGING METAL SIGN,0.00810234541577825,113,2
HAND OVER THE CHOCOLATE   SIGN|METAL SIGN TAKE IT OR LEAVE IT,0.010518834399431415,148,2
GIN + TONIC DIET METAL SIGN|PLEASE ONE PERSON METAL SIGN,0.01847903340440654,260,2
PLEASE ONE PERSON METAL SIGN|WHITE HANGING HEART T-LIGHT HOLDER,0.016702203269367447,234,2
HOME BUILDING BLOCK WORD|PLEASE ONE PERSON METAL SIGN,0.008386638237384506,118,2
CHOCOLATE HOT WATER BOTTLE|PLEASE ONE PERSON METAL SIGN,0.0073916133617626155,104,2
PLEASE ONE PERSON METAL SIGN|RED HANGING HEART T-LIGHT HOLDER,0.007320540156361052,103,2
PLEASE ONE PERSON METAL SIGN|STRAWBERRY CERAMIC TRINKET BOX,0.007320540156361052,103,2
PACK OF 60 SPACEBOY CAKE CASES|PACK OF 72 RETRO SPOT CAKE CASES,0.01357498223169865,191,2
PACK OF 60 DINOSAUR CAKE CASES|PACK OF 60 SPACEBOY CAKE CASES,0.01535181236673774,216,2
PACK OF 60 PINK PAISLEY CAKE CASES|PACK OF 60 SPACEBOY CAKE CASES,0.01457000710732054,205,2
72 SWEETHEART FAIRY CAKE CASES|PACK OF 60 SPACEBOY CAKE CASES,0.010803127221037668,152,2
LUNCH BAG SPACEBOY DESIGN|PACK OF 60 SPACEBOY CAKE CASES,0.008599857853589197,121,2
LUNCH BAG SUKI  DESIGN|PACK OF 60 SPACEBOY CAKE CASES,0.007249466950959489,102,2
PACK OF 60 SPACEBOY CAKE CASES|PACK OF 72 SKULL CAKE CASES,0.012295664534470504,173,2
60 TEATIME FAIRY CAKE CASES|PACK OF 60 SPACEBOY CAKE CASES,0.017555081734186212,247,2
PACK OF 60 SPACEBOY CAKE CASES|PLASTERS IN TIN SPACEBOY,0.007533759772565742,106,2
60 TEATIME FAIRY CAKE CASES|PACK OF 60 SPACEBOY CAKE CASES|PACK OF 72 RETRO SPOT CAKE CASES,0.007818052594171997,110,3
PACK OF 60 PINK PAISLEY CAKE CASES|PACK OF 60 SPACEBOY CAKE CASES|PACK OF 72 RETRO SPOT CAKE CASES,0.007320540156361052,103,3
60 TEATIME FAIRY CAKE CASES|PACK OF 60 DINOSAUR CAKE CASES|PACK OF 60 SPACEBOY CAKE CASES,0.010092395167022032,142,3
PACK OF 60 DINOSAUR CAKE CASES|PACK OF 60 PINK PAISLEY CAKE CASES|PACK OF 60 SPACEBOY CAKE CASES,0.008031272210376687,112,3
60 TEATIME FAIRY CAKE CASES|PACK OF 60 PINK PAISLEY CAKE CASES|PACK OF 60 SPACEBOY CAKE CASES,0.009808102345415778,138,3
72 SWEETHEART FAIRY CAKE CASES|PACK OF 60 DINOSAUR CAKE CASES|PACK OF 60 SPACEBOY CAKE CASES,0.007107320540156361,100,3
60 TEATIME FAIRY CAKE CASES|72 SWEETHEART FAIRY CAKE CASES|PACK OF 60 SPACEBOY CAKE CASES,0.0073916133617626155,104,3
PACK OF 60 DINOSAUR CAKE CASES|PACK OF 60 SPACEBOY CAKE CASES|PACK OF 72 SKULL CAKE CASES,0.007178393745557924,101,3
60 TEATIME FAIRY CAKE CASES|PACK OF 60 SPACEBOY CAKE CASES|PACK OF 72 SKULL CAKE CASES,0.007320540156361052,103,3
LUNCH BAG PINK RETROSPOT|LUNCH BAG RED SPOTTY,0.028002842928216063,394,2
LUNCH BAG CARS BLUE|LUNCH BAG PINK RETROSPOT,0.021179815209665956,298,2
LUNCH BAG  BLACK SKULL.|LUNCH BAG PINK RETROSPOT,0.02046908315565032,288,2
LUNCH BAG PINK RETROSPOT|LUNCH BAG WOODLAND,0.018052594171997158,254,2
LUNCH BAG PINK RETROSPOT|WHITE HANGING HEART T-LIGHT HOLDER,0.01300639658848614,183,2
LUNCH BAG PINK RETROSPOT|PACK OF 72 RETRO SPOT CAKE CASES,0.00788912579957356,111,2
60 TEATIME FAIRY CAKE CASES|LUNCH BAG PINK RETROSPOT,0.00767590618336887,108,2
LUNCH BAG PINK RETROSPOT|LUNCH BAG SUKI  DESIGN,0.023312011371712866,328,2
LUNCH BAG PINK RETROSPOT|LUNCH BAG SPACEBOY DESIGN,0.022530206112295663,317,2
JUMBO STORAGE BAG SUKI|LUNCH BAG PINK RETROSPOT,0.011584932480454868,163,2
JUMBO BAG STRAWBERRY|LUNCH BAG PINK RETROSPOT,0.010589907604832978,149,2
JUMBO SHOPPER VINTAGE RED PAISLEY|LUNCH BAG PINK RETROSPOT,0.010021321961620469,141,2
JUMBO BAG RED RETROSPOT|LUNCH BAG PINK RETROSPOT,0.00923951670220327,130,2
LUNCH BAG CARS BLUE|LUNCH BAG PINK RETROSPOT|LUNCH BAG RED SPOTTY,0.012864250177683013,181,3
LUNCH BAG CARS BLUE|LUNCH BAG PINK RETROSPOT|LUNCH BAG SPACEBOY DESIGN,0.010945273631840797,154,3
LUNCH BAG CARS BLUE|LUNCH BAG PINK RETROSPOT|LUNCH BAG SUKI  DESIGN,0.011727078891257996,165,3
LUNCH BAG CARS BLUE|LUNCH BAG PINK RETROSPOT|LUNCH BAG SPACEBOY DESIGN|LUNCH BAG SUKI  DESIGN,0.00845771144278607,119,4
LUNCH BAG CARS BLUE|LUNCH BAG PINK RETROSPOT|LUNCH BAG RED SPOTTY|LUNCH BAG SPACEBOY DESIGN,0.0073916133617626155,104,4
LUNCH BAG CARS BLUE|LUNCH BAG PINK RETROSPOT|LUNCH BAG RED SPOTTY|LUNCH BAG SUKI  DESIGN,0.00788912579957356,111,4
LUNCH BAG  BLACK SKULL.|LUNCH BAG PINK RETROSPOT|LUNCH BAG RED SPOTTY,0.013361762615493959,188,3
LUNCH BAG  BLACK SKULL.|LUNCH BAG CARS BLUE|LUNCH BAG PINK RETROSPOT,0.010092395167022032,142,3
LUNCH BAG  BLACK SKULL.|LUNCH BAG PINK RETROSPOT|LUNCH BAG SPACEBOY DESIGN,0.011940298507462687,168,3
LUNCH BAG  BLACK SKULL.|LUNCH BAG PINK RETROSPOT|LUNCH BAG SUKI  DESIGN,0.011442786069651741,161,3
LUNCH BAG  BLACK SKULL.|LUNCH BAG PINK RETROSPOT|LUNCH BAG RED SPOTTY|LUNCH BAG SPACEBOY DESIGN,0.008315565031982943,117,4
LUNCH BAG  BLACK SKULL.|LUNCH BAG PINK RETROSPOT|LUNCH BAG SPACEBOY DESIGN|LUNCH BAG SUKI  DESIGN,0.008173418621179816,115,4
LUNCH BAG  BLACK SKULL.|LUNCH BAG PINK RETROSPOT|LUNCH BAG RED SPOTTY|LUNCH BAG SUKI  DESIGN,0.008173418621179816,115,4
LUNCH BAG PINK RETROSPOT|LUNCH BAG RED SPOTTY|LUNCH BAG WOODLAND,0.01300639658848614,183,3
LUNCH BAG CARS BLUE|LUNCH BAG PINK RETROSPOT|LUNCH BAG WOODLAND,0.010447761194029851,147,3
LUNCH BAG  BLACK SKULL.|LUNCH BAG PINK RETROSPOT|LUNCH BAG WOODLAND,0.010376687988628288,146,3
LUNCH BAG PINK RETROSPOT|LUNCH BAG SPACEBOY DESIGN|LUNCH BAG WOODLAND,0.010447761194029851,147,3
LUNCH BAG PINK RETROSPOT|LUNCH BAG SUKI  DESIGN|LUNCH BAG WOODLAND,0.010945273631840797,154,3
LUNCH BAG CARS BLUE|LUNCH BAG PINK RETROSPOT|LUNCH BAG RED SPOTTY|LUNCH BAG WOODLAND,0.007818052594171997,110,4
LUNCH BAG  BLACK SKULL.|LUNCH BAG PINK RETROSPOT|LUNCH BAG RED SPOTTY|LUNCH BAG WOODLAND,0.00767590618336887,108,4
LUNCH BAG PINK RETROSPOT|LUNCH BAG SPACEBOY DESIGN|LUNCH BAG SUKI  DESIGN|LUNCH BAG WOODLAND,0.00767590618336887,108,4
LUNCH BAG PINK RETROSPOT|LUNCH BAG RED SPOTTY|LUNCH BAG SPACEBOY DESIGN|LUNCH BAG WOODLAND,0.007746979388770434,109,4
LUNCH BAG PINK RETROSPOT|LUNCH BAG RED SPOTTY|LUNCH BAG SUKI  DESIGN|LUNCH BAG WOODLAND,0.008386638237384506,118,4
LUNCH BAG PINK RETROSPOT|LUNCH BAG RED SPOTTY|WHITE HANGING HEART T-LIGHT HOLDER,0.00788912579957356,111,3
LUNCH BAG PINK RETROSPOT|LUNCH BAG RED SPOTTY|LUNCH BAG SUKI  DESIGN,0.014498933901918977,204,3
LUNCH BAG PINK RETROSPOT|LUNCH BAG SPACEBOY DESIGN|LUNCH BAG SUKI  DESIGN,0.01357498223169865,191,3
LUNCH BAG PINK RETROSPOT|LUNCH BAG RED SPOTTY|LUNCH BAG SPACEBOY DESIGN,0.012722103766879886,179,3
LUNCH BAG PINK RETROSPOT|LUNCH BAG RED SPOTTY|LUNCH BAG SPACEBOY DESIGN|LUNCH BAG SUKI  DESIGN,0.00845771144278607,119,4
JUMBO STORAGE BAG SUKI|LUNCH BAG PINK RETROSPOT|LUNCH BAG SUKI  DESIGN,0.00845771144278607,119,3
JUMBO STORAGE BAG SUKI|LUNCH BAG PINK RETROSPOT|LUNCH BAG RED SPOTTY,0.007320540156361052,103,3
JUMBO STORAGE BAG SUKI|LUNCH BAG SUKI  DESIGN,0.020753375977256575,292,2
LUNCH BAG SUKI  DESIGN|WHITE HANGING HEART T-LIGHT HOLDER,0.015138592750533048,213,2
LUNCH BAG  BLACK SKULL.|LUNCH BAG SUKI  DESIGN,0.027292110874200425,384,2
LUNCH BAG SUKI  DESIGN|PACK OF 72 RETRO SPOT CAKE CASES,0.00845771144278607,119,2
LUNCH BAG RED SPOTTY|LUNCH BAG SUKI  DESIGN,0.025088841506751954,353,2
60 TEATIME FAIRY CAKE CASES|LUNCH BAG SUKI  DESIGN,0.010305614783226724,145,2
HEART OF WICKER LARGE|LUNCH BAG SUKI  DESIGN,0.007746979388770434,109,2
JUMBO BAG RED RETROSPOT|LUNCH BAG SUKI  DESIGN,0.013717128642501776,193,2
JUMBO STORAGE BAG SUKI|LUNCH BAG  BLACK SKULL.|LUNCH BAG SUKI  DESIGN,0.009381663113006396,132,3
JUMBO STORAGE BAG SUKI|LUNCH BAG RED SPOTTY|LUNCH BAG SUKI  DESIGN,0.008599857853589197,121,3
LUNCH BAG  BLACK SKULL.|LUNCH BAG RED SPOTTY|LUNCH BAG SUKI  DESIGN,0.01179815209665956,166,3
JUMBO BAG RED RETROSPOT|JUMBO STORAGE BAG SUKI|LUNCH BAG SUKI  DESIGN,0.00824449182658138,116,3
LUNCH BAG SPACEBOY DESIGN|LUNCH BAG SUKI  DESIGN,0.03226723525230988,454,2
LUNCH BAG SPACEBOY DESIGN|WHITE HANGING HEART T-LIGHT HOLDER,0.012935323383084577,182,2
JUMBO STORAGE BAG SUKI|LUNCH BAG SPACEBOY DESIGN,0.012437810945273632,175,2
JUMBO SHOPPER VINTAGE RED PAISLEY|LUNCH BAG SPACEBOY DESIGN,0.010874200426439232,153,2
LUNCH BAG  BLACK SKULL.|LUNCH BAG SPACEBOY DESIGN,0.026226012793176972,369,2
LUNCH BAG SPACEBOY DESIGN|PACK OF 72 RETRO SPOT CAKE CASES,0.007746979388770434,109,2
LUNCH BAG RED SPOTTY|LUNCH BAG SPACEBOY DESIGN,0.023383084577114428,329,2
60 TEATIME FAIRY CAKE CASES|LUNCH BAG SPACEBOY DESIGN,0.008315565031982943,117,2
JUMBO BAG RED RETROSPOT|LUNCH BAG SPACEBOY DESIGN,0.009879175550817342,139,2
JUMBO STORAGE BAG SUKI|LUNCH BAG SPACEBOY DESIGN|LUNCH BAG SUKI  DESIGN,0.008955223880597015,126,3
LUNCH BAG  BLACK SKULL.|LUNCH BAG SPACEBOY DESIGN|LUNCH BAG SUKI  DESIGN,0.014925373134328358,210,3
LUNCH BAG RED SPOTTY|LUNCH BAG SPACEBOY DESIGN|LUNCH BAG SUKI  DESIGN,0.013503909026297086,190,3
LUNCH BAG  BLACK SKULL.|LUNCH BAG RED SPOTTY|LUNCH BAG SPACEBOY DESIGN,0.012722103766879886,179,3
LUNCH BAG  BLACK SKULL.|LUNCH BAG RED SPOTTY|LUNCH BAG SPACEBOY DESIGN|LUNCH BAG SUKI  DESIGN,0.007533759772565742,106,4
SMALL POPCORN HOLDER|WHITE HANGING HEART T-LIGHT HOLDER,0.008599857853589197,121,2
60 TEATIME FAIRY CAKE CASES|SMALL POPCORN HOLDER,0.007178393745557924,101,2
ASSORTED COLOUR BIRD ORNAMENT|NATURAL SLATE HEART CHALKBOARD,0.0073916133617626155,104,2
NATURAL SLATE HEART CHALKBOARD|WHITE HANGING HEART T-LIGHT HOLDER,0.015991471215351813,225,2
NATURAL SLATE HEART CHALKBOARD|REGENCY CAKESTAND 3 TIER,0.007249466950959489,102,2
HEART OF WICKER LARGE|NATURAL SLATE HEART CHALKBOARD,0.010092395167022032,142,2
HEART OF WICKER SMALL|NATURAL SLATE HEART CHALKBOARD,0.007462686567164179,105,2
FELTCRAFT BUTTERFLY HEARTS|FELTCRAFT CUSHION BUTTERFLY,0.007746979388770434,109,2
FELTCRAFT CUSHION BUTTERFLY|PINK CREAM FELT CRAFT TRINKET BOX,0.007320540156361052,103,2
ASSORTED COLOUR BIRD ORNAMENT|PACK OF 6 BIRDY GIFT TAGS,0.01101634683724236,155,2
PACK OF 6 BIRDY GIFT TAGS|WHITE HANGING HEART T-LIGHT HOLDER,0.007462686567164179,105,2
PACK OF 6 BIRDY GIFT TAGS|REGENCY CAKESTAND 3 TIER,0.009523809523809525,134,2
6 RIBBONS RUSTIC CHARM|PACK OF 6 BIRDY GIFT TAGS,0.00767590618336887,108,2
MEMO BOARD COTTAGE DESIGN|WHITE HANGING HEART T-LIGHT HOLDER,0.007320540156361052,103,2
MEMO BOARD COTTAGE DESIGN|MEMO BOARD RETROSPOT  DESIGN,0.008386638237384506,118,2
MEMO BOARD RETROSPOT  DESIGN|WHITE HANGING HEART T-LIGHT HOLDER,0.0073916133617626155,104,2
BAKING SET 9 PIECE RETROSPOT|BAKING SET SPACEBOY DESIGN,0.01656005685856432,233,2
REGENCY CAKESTAND 3 TIER|WHITE HANGING HEART T-LIGHT HOLDER,0.01968727789623312,277,2
PLASTERS IN TIN CIRCUS PARADE|PLASTERS IN TIN SPACEBOY,0.02046908315565032,288,2
PLASTERS IN TIN CIRCUS PARADE|PLASTERS IN TIN STRONGMAN,0.016631130063965886,234,2
PLASTERS IN TIN SPACEBOY|PLASTERS IN TIN STRONGMAN,0.013930348258706468,196,2
PLASTERS IN TIN STRONGMAN|PLASTERS IN TIN VINTAGE PAISLEY,0.011656005685856433,164,2
PLASTERS IN TIN SKULLS|PLASTERS IN TIN STRONGMAN,0.009381663113006396,132,2
PLASTERS IN TIN STRONGMAN|PLASTERS IN TIN WOODLAND ANIMALS,0.011300639658848614,159,2
PLASTERS IN TIN CIRCUS PARADE|PLASTERS IN TIN SPACEBOY|PLASTERS IN TIN STRONGMAN,0.009523809523809525,134,3
PLASTERS IN TIN CIRCUS PARADE|PLASTERS IN TIN STRONGMAN|PLASTERS IN TIN WOODLAND ANIMALS,0.007320540156361052,103,3
LUNCH BAG SPACEBOY DESIGN|PLASTERS IN TIN SPACEBOY,0.008884150675195452,125,2
PLASTERS IN TIN SPACEBOY|WHITE HANGING HEART T-LIGHT HOLDER,0.007249466950959489,102,2
PLASTERS IN TIN SPACEBOY|PLASTERS IN TIN WOODLAND ANIMALS,0.01954513148542999,275,2
PLASTERS IN TIN VINTAGE PAISLEY|PLASTERS IN TIN WOODLAND ANIMALS,0.013646055437100213,192,2
PLASTERS IN TIN CIRCUS PARADE|PLASTERS IN TIN WOODLAND ANIMALS,0.017199715707178393,242,2
PLASTERS IN TIN SPACEBOY|PLASTERS IN TIN VINTAGE PAISLEY|PLASTERS IN TIN WOODLAND ANIMALS,0.008031272210376687,112,3
PLASTERS IN TIN CIRCUS PARADE|PLASTERS IN TIN SPACEBOY|PLASTERS IN TIN WOODLAND ANIMALS,0.010305614783226724,145,3
PLASTERS IN TIN SPACEBOY|PLASTERS IN TIN VINTAGE PAISLEY,0.016844349680170574,236,2
PLASTERS IN TIN CIRCUS PARADE|PLASTERS IN TIN VINTAGE PAISLEY,0.013788201847903341,194,2
PLASTERS IN TIN VINTAGE PAISLEY|WHITE HANGING HEART T-LIGHT HOLDER,0.007320540156361052,103,2
PLASTERS IN TIN CIRCUS PARADE|PLASTERS IN TIN SPACEBOY|PLASTERS IN TIN VINTAGE PAISLEY,0.008315565031982943,117,3
PLASTERS IN TIN SKULLS|PLASTERS IN TIN SPACEBOY,0.015280739161336177,215,2
PLASTERS IN TIN SKULLS|PLASTERS IN TIN VINTAGE PAISLEY,0.014001421464108032,197,2
PLASTERS IN TIN CIRCUS PARADE|PLASTERS IN TIN SKULLS,0.012651030561478323,178,2
LUNCH BAG  BLACK SKULL.|PLASTERS IN TIN SKULLS,0.00767590618336887,108,2
PLASTERS IN TIN SKULLS|PLASTERS IN TIN WOODLAND ANIMALS,0.014925373134328358,210,2
PLASTERS IN TIN SKULLS|WHITE HANGING HEART T-LIGHT HOLDER,0.008031272210376687,112,2
PLASTERS IN TIN SKULLS|PLASTERS IN TIN SPACEBOY|PLASTERS IN TIN VINTAGE PAISLEY,0.0073916133617626155,104,3
PLASTERS IN TIN CIRCUS PARADE|PLASTERS IN TIN SKULLS|PLASTERS IN TIN SPACEBOY,0.007604832977967307,107,3
PLASTERS IN TIN SKULLS|PLASTERS IN TIN SPACEBOY|PLASTERS IN TIN WOODLAND ANIMALS,0.00867093105899076,121,3
GARDENERS KNEELING PAD|WHITE HANGING HEART T-LIGHT HOLDER,0.00945273631840796,133,2
RED RETROSPOT SMALL MILK JUG|WHITE HANGING HEART T-LIGHT HOLDER,0.007533759772565742,106,2
RED RETROSPOT CAKE STAND|RED RETROSPOT SMALL MILK JUG,0.0073916133617626155,104,2
RED RETROSPOT SMALL MILK JUG|RETRO SPOT LARGE MILK JUG,0.010305614783226724,145,2
RED RETROSPOT CAKE STAND|REGENCY CAKESTAND 3 TIER,0.0162046908315565,227,2
RED RETROSPOT CAKE STAND|WHITE HANGING HEART T-LIGHT HOLDER,0.008599857853589197,121,2
PACK OF 72 RETRO SPOT CAKE CASES|RED RETROSPOT CAKE STAND,0.00867093105899076,121,2
RED RETROSPOT SMALL MILK JUG|RED RETROSPOT TRADITIONAL TEAPOT,0.011300639658848614,159,2
RED RETROSPOT CAKE STAND|RED RETROSPOT TRADITIONAL TEAPOT,0.009523809523809525,134,2
WHITE HANGING HEART T-LIGHT HOLDER|WOOD BLACK BOARD ANT WHITE FINISH,0.012153518123667377,171,2
WOOD BLACK BOARD ANT WHITE FINISH|WOODEN FRAME ANTIQUE WHITE,0.010518834399431415,148,2
WOOD BLACK BOARD ANT WHITE FINISH|WOODEN PICTURE FRAME WHITE FINISH,0.009026297085998579,127,2
WOOD BLACK BOARD ANT WHITE FINISH|WOOD S/3 CABINET ANT WHITE FINISH,0.007533759772565742,106,2
HEART OF WICKER LARGE|WOODEN FRAME ANTIQUE WHITE,0.008884150675195452,125,2
HEART OF WICKER LARGE|WHITE HANGING HEART T-LIGHT HOLDER,0.02700781805259417,380,2
HEART OF WICKER LARGE|HOME BUILDING BLOCK WORD,0.010874200426439232,153,2
ASSORTED COLOUR BIRD ORNAMENT|HEART OF WICKER LARGE,0.009594882729211088,135,2
HEART OF WICKER LARGE|REGENCY CAKESTAND 3 TIER,0.009168443496801706,129,2
HEART OF WICKER LARGE|STRAWBERRY CERAMIC TRINKET BOX,0.008031272210376687,112,2
HEART OF WICKER LARGE|REX CASH+CARRY JUMBO SHOPPER,0.00923951670220327,130,2
HEART OF WICKER LARGE|JUMBO BAG RED RETROSPOT,0.008386638237384506,118,2
HEART OF WICKER LARGE|HEART OF WICKER SMALL,0.03489694385216773,491,2
HEART OF WICKER SMALL|REGENCY CAKESTAND 3 TIER,0.007818052594171997,110,2
HEART OF WICKER SMALL|WOODEN FRAME ANTIQUE WHITE,0.007462686567164179,105,2
HEART OF WICKER SMALL|WHITE HANGING HEART T-LIGHT HOLDER,0.022530206112295663,317,2
HEART OF WICKER SMALL|HOME BUILDING BLOCK WORD,0.009026297085998579,127,2
HEART OF WICKER SMALL|LOVE BUILDING BLOCK WORD,0.009097370291400142,128,2
ASSORTED COLOUR BIRD ORNAMENT|HEART OF WICKER SMALL,0.00824449182658138,116,2
HEART OF WICKER LARGE|HEART OF WICKER SMALL|WHITE HANGING HEART T-LIGHT HOLDER,0.014001421464108032,197,3
IVORY KITCHEN SCALES|REGENCY CAKESTAND 3 TIER,0.007462686567164179,105,2
IVORY KITCHEN SCALES|WHITE HANGING HEART T-LIGHT HOLDER,0.007178393745557924,101,2
JUMBO BAG RED RETROSPOT|LUNCH BAG RED SPOTTY,0.012935323383084577,182,2
JUMBO BAG RED RETROSPOT|STRAWBERRY CERAMIC TRINKET BOX,0.0073916133617626155,104,2
60 TEATIME FAIRY CAKE CASES|JUMBO BAG RED RETROSPOT,0.007960199004975124,112,2
JUMBO BAG RED RETROSPOT|WHITE HANGING HEART T-LIGHT HOLDER,0.014143567874911158,199,2
JUMBO BAG RED RETROSPOT|REGENCY CAKESTAND 3 TIER,0.010092395167022032,142,2
CERAMIC STRAWBERRY CAKE MONEY BANK|STRAWBERRY CERAMIC TRINKET BOX,0.01357498223169865,191,2
CERAMIC STRAWBERRY CAKE MONEY BANK|SWEETHEART CERAMIC TRINKET BOX,0.01023454157782516,144,2
CERAMIC STRAWBERRY CAKE MONEY BANK|WHITE HANGING HEART T-LIGHT HOLDER,0.007604832977967307,107,2
CERAMIC STRAWBERRY CAKE MONEY BANK|STRAWBERRY CERAMIC TRINKET BOX|SWEETHEART CERAMIC TRINKET BOX,0.009026297085998579,127,3
LUNCH BAG SPACEBOY DESIGN|SPACEBOY LUNCH BOX,0.008031272210376687,112,2
PLASTERS IN TIN SPACEBOY|SPACEBOY LUNCH BOX,0.007604832977967307,107,2
DOLLY GIRL LUNCH BOX|SPACEBOY LUNCH BOX,0.018265813788201846,257,2
RECIPE BOX PANTRY YELLOW DESIGN|WHITE HANGING HEART T-LIGHT HOLDER,0.007533759772565742,106,2
RECIPE BOX PANTRY YELLOW DESIGN|REGENCY CAKESTAND 3 TIER,0.007249466950959489,102,2
HEART OF WICKER LARGE|WICKER STAR,0.016773276474769012,236,2
WHITE HANGING HEART T-LIGHT HOLDER|WICKER STAR,0.009950248756218905,140,2
HEART OF WICKER SMALL|WICKER STAR,0.009097370291400142,128,2
HAND WARMER OWL DESIGN|WHITE HANGING HEART T-LIGHT HOLDER,0.007960199004975124,112,2
HAND WARMER OWL DESIGN|SCOTTIE DOG HOT WATER BOTTLE,0.007320540156361052,103,2
CHOCOLATE HOT WATER BOTTLE|HAND WARMER OWL DESIGN,0.007818052594171997,110,2
HAND WARMER OWL DESIGN|PAPER CHAIN KIT 50'S CHRISTMAS,0.007249466950959489,102,2
HAND WARMER OWL DESIGN|HAND WARMER SCOTTY DOG DESIGN,0.02125088841506752,299,2
HAND WARMER SCOTTY DOG DESIGN|SCOTTIE DOG HOT WATER BOTTLE,0.010803127221037668,152,2
HAND WARMER SCOTTY DOG DESIGN|WHITE HANGING HEART T-LIGHT HOLDER,0.00845771144278607,119,2
CHOCOLATE HOT WATER BOTTLE|HAND WARMER SCOTTY DOG DESIGN,0.00867093105899076,121,2
HAND WARMER BIRD DESIGN|HAND WARMER OWL DESIGN,0.020753375977256575,292,2
HAND WARMER BIRD DESIGN|HAND WARMER SCOTTY DOG DESIGN,0.018052594171997158,254,2
HAND WARMER BIRD DESIGN|WHITE HANGING HEART T-LIGHT HOLDER,0.007533759772565742,106,2
HAND WARMER BIRD DESIGN|PAPER CHAIN KIT 50'S CHRISTMAS,0.007462686567164179,105,2
HAND WARMER BIRD DESIGN|HAND WARMER OWL DESIGN|HAND WARMER SCOTTY DOG DESIGN,0.01222459132906894,172,3
PAPER CHAIN KIT VINTAGE CHRISTMAS|SET OF 20 VINTAGE CHRISTMAS NAPKINS,0.01179815209665956,166,2
PAPER CHAIN KIT 50'S CHRISTMAS|PAPER CHAIN KIT VINTAGE CHRISTMAS,0.01911869225302061,269,2
HAND WARMER BIRD DESIGN|HAND WARMER UNION JACK,0.012722103766879886,179,2
HAND WARMER OWL DESIGN|HAND WARMER UNION JACK,0.014854299928926794,209,2
HAND WARMER SCOTTY DOG DESIGN|HAND WARMER UNION JACK,0.012935323383084577,182,2
HAND WARMER BIRD DESIGN|HAND WARMER OWL DESIGN|HAND WARMER UNION JACK,0.008884150675195452,125,3
HAND WARMER BIRD DESIGN|HAND WARMER SCOTTY DOG DESIGN|HAND WARMER UNION JACK,0.007178393745557924,101,3
HAND WARMER OWL DESIGN|HAND WARMER SCOTTY DOG DESIGN|HAND WARMER UNION JACK,0.008528784648187633,120,3
